Variable,Index,Value
flux,ALATA_D2,0.0
flux,SHCHD2,2.2651953674559767e-05
flux,CPPPGO,2.2651953674559767e-05
flux,GTHOr,0.0
flux,DHORD5,0.033591628360160955
flux,GLYCTO2,0.0
flux,GLYCTO3,0.0
flux,GLYCTO4,0.0
flux,PFK_3,0.0
flux,TRPS2,0.0
flux,G3PD5,0.0
flux,EX_acgam_e,0.0
flux,EX_cellb_e,0.0
flux,EX_chol_e,0.0
flux,LEUTAi,0.04576415847961026
flux,SHK3Dr,0.038713407769033835
flux,G5SD,0.022454383944079864
flux,ALATA_L2,0.0
flux,MAN6PI,0.0
flux,APRAUR,4.5303907349122455e-05
flux,DB4PS,9.060781469824491e-05
flux,RBFK,2.2651953674562688e-05
flux,ACP1_FMN,0.0
flux,RBFSb,4.5303907349122455e-05
flux,EX_pi_e,-0.09798300639551327
flux,EX_h_e,9.507416710089021
flux,DMATT,2.8238758392500468e-05
flux,GRTT,2.8238758392500468e-05
flux,UPP3S,4.5303907349119534e-05
flux,UPPDC1,2.2651953674559767e-05
flux,TMDPP,0.0
flux,EX_ade_e,0.0
flux,EX_4abut_e,0.0
flux,EX_ac_e,5.050193715840323
flux,EX_akg_e,0.0
flux,EX_ala__L_e,0.0
flux,EX_arg__L_e,0.0
flux,EX_asp__L_e,0.0
flux,EX_cytd_e,0.0
flux,EX_dcyt_e,0.0
flux,EX_fum_e,0.0
flux,EX_glu__L_e,0.0
flux,EX_gua_e,0.0
flux,HCO3E,0.05339197532839833
flux,IMPC,-0.05510946067696092
flux,IMPD,0.02470667887155079
flux,ECOAH4,0.03614967387310462
flux,GLUTRS,0.0003624312587929563
flux,TMPPP,2.2651953674559767e-05
flux,URIK1,0.0
flux,URIK2,0.0
flux,CYTDK1,0.0
flux,CYTDK2,0.0
flux,XPPT,0.0
flux,HXPRT,0.0
flux,NDPK5,0.0
flux,DHORTS,-0.03360158303038564
flux,OMPDC,0.03360158303038564
flux,CS,0.10921614069622103
flux,ICDHyr,0.10921614069622103
flux,ACALD,0.0
flux,ACS,0.0
flux,PPA,0.35302480647847573
flux,PPCK,0.0
flux,ME1,0.0
flux,ALAR,0.004233985350058297
flux,ALATA_L,-0.059102705532827586
flux,XYLK,0.0
flux,RBK,0.0
flux,GLYK,0.0
flux,PPM,-0.26424290186253896
flux,ASPTA,-0.29740318817624517
flux,FBP,0.0
flux,GLGC,0.0
flux,PYK,0.0
flux,A5PISO,0.003952613548809282
flux,EX_met__L_e,0.0
flux,EX_metsox_S__L_e,0.0
flux,IPPMIb,-0.04576415847961026
flux,ACHBS,0.029511432507247422
flux,ACLS,0.08881668510566729
flux,PSCVT,0.038713407769033835
flux,ANS,0.0057740134651255645
flux,ANPRT,0.0057740134651255645
flux,CHORM,0.032848786489210025
flux,CHORS,0.038713407769033835
flux,IGPS,0.0057740134651255645
flux,EX_crn_e,0.0
flux,EX_fe3_e,0.0
flux,EX_glcn_e,0.0
flux,EX_gln__L_e,0.0
flux,EX_glyc_e,0.0
flux,EX_man_e,0.0
flux,EX_mn2_e,-7.01905829108556e-05
flux,EX_rib__D_e,0.0
flux,EX_sbt__D_e,0.0
flux,ECOAH6,0.028244446775486057
flux,ENO,9.67836826185781
flux,FBA,0.0
flux,MGSA,0.0
flux,PPS,0.0
flux,PGI,9.939817415904345
flux,PGK,-9.858369319908572
flux,EDA,0.0
flux,PGL,0.060182584095653954
flux,RPE,-0.03866810386168471
flux,TALA,0.0
flux,TKT1,0.0
flux,G6PDA,0.0
flux,ALCD2x,0.0
flux,ALDD2y,0.0
flux,RMI,0.0
flux,EX_ura_e,0.0
flux,EX_val__L_e,0.0
flux,EX_xan_e,0.0
flux,FMNAT,2.2651953674562688e-05
flux,NADDP,0.0
flux,NMNAT,0.0
flux,HMPK1,0.0
flux,NDPK6,0.0
flux,NDPK8,-0.002657896949993412
flux,PYNP2r,0.002657896949993412
flux,DURIPP,-0.002657896949993412
flux,PTRCTA,0.0
flux,CYSDS,0.0
flux,TRPAS2,-0.0057740134651255645
flux,NDP3,0.0
flux,CDPPH,0.0
flux,NDP7,0.0
flux,EX_co2_e,5.537839286163258
flux,PMDPHT,4.5303907349122455e-05
flux,ILETA,-0.029511432507247422
flux,VALTA,-0.04298406287369534
flux,ORPT,-0.03360158303038564
flux,RBFSa,9.060781469824491e-05
flux,DHAD2,0.029511432507247422
flux,G1PP,0.0
flux,PFL,0.0
flux,FRD2,0.0
flux,FRD3,0.0
flux,POX,0.0
flux,PTAr,4.991056270539977
flux,ACKr,-4.991056270539977
flux,EX_hxan_e,0.0
flux,EX_ile__L_e,0.0
flux,EX_lac__L_e,0.0
flux,EX_leu__L_e,0.0
flux,EX_no3_e,0.0
flux,EX_orn_e,0.0
flux,EX_pro__L_e,0.0
flux,EX_pyr_e,0.0
flux,EX_succ_e,0.0
flux,EX_thymd_e,0.0
flux,EX_tyr__L_e,0.0
flux,MOAT,0.001976306774404641
flux,UDCPDPS,5.586804717940698e-06
flux,USHD,0.001976306774404641
flux,LPADSS,0.001976306774404641
flux,TDSK,0.001976306774404641
flux,EX_btn_e,0.0
flux,EX_ptrc_e,0.0
flux,EX_spmd_e,0.0
flux,EX_thym_e,0.0
flux,EX_xtsn_e,0.0
flux,NTPP1,0.0
flux,NTPP2,0.0
flux,NTPTP1,0.0
flux,NTPTP2,0.0
flux,IPMD,0.04576415847961026
flux,AIRC3,-0.045486138761174175
flux,ADSL2r,0.045486138761174175
flux,EX_fe2_e,-0.001631448555906298
flux,PUNP5,0.0
flux,PUNP6,0.0
flux,PUNP7,0.0
flux,RNDR1,0.0
flux,RNDR3,0.0
flux,RNDR4,0.0
flux,TMDS,0.002657896949993412
flux,TMDK1,0.0
flux,PPCDC,6.846375236168036e-05
flux,FTHFD,0.0
flux,EX_glc__D_e,-10.0
flux,EDD,0.0
flux,DHQTi,0.038713407769033835
flux,PUNP1,-0.002726259124087487
flux,PUNP2,0.002657896949993412
flux,PUNP3,0.0
flux,LYSAM,0.0
flux,DHAD1,0.08881668510566729
flux,IPPMIa,-0.04576415847961026
flux,EX_alltn_e,0.0
flux,G3PD7,0.0
flux,NADH9,0.0
flux,NADH10,0.0
flux,MDH,-10.512848018831352
flux,FUM,0.10592500482598022
flux,PYDXNK,0.0
flux,PYAM5PO,0.0
flux,OHPBAT,-4.530390734912266e-05
flux,EX_dgsn_e,0.0
flux,EX_arab__L_e,0.0
flux,EX_fru_e,0.0
flux,EX_gal_e,0.0
flux,EX_xyl__D_e,0.0
flux,EX_duri_e,0.0
flux,EX_for_e,0.0
flux,EX_gly_e,0.011012811038254565
flux,EX_h2_e,0.0
flux,EX_lys__L_e,0.0
flux,EX_ser__L_e,0.0
flux,EX_thm_e,0.0
flux,EX_trp__L_e,0.0
flux,GLUTRR,0.0003624312587929563
flux,GLCS1,0.0
flux,GLCP,0.0
flux,EX_din_e,0.0
flux,EX_fmn_e,0.0
flux,EX_gthox_e,0.0
flux,HEMEOS,0.0
flux,ADMDC,0.0
flux,AGMT,0.0
flux,ARGDC,0.0
flux,ARGSS,0.03004603892962055
flux,AGPR,-0.03004603892962055
flux,SPMS,0.0
flux,G1SAT,0.0003624312587929563
flux,KDOCT2,0.003952613548809282
flux,OAADC,0.0
flux,MNNH,0.0
flux,ALTRH,0.0
flux,GUI1,0.0
flux,PGAMT,-0.00959792734888701
flux,UAGDP,0.00959792734888701
flux,UAGCVT,0.002822656900038865
flux,GLUR,-0.002822656900038865
flux,UAG2E,0.0
flux,EX_acald_e,0.0
flux,EX_melib_e,0.0
flux,MACPD,0.0
flux,DMQMT,0.0
flux,ICHORS_copy1,0.0
flux,EX_sucr_e,0.0
flux,EX_tre_e,0.0
flux,EX_zn2_e,-3.463818925123265e-05
flux,HACD5,0.03614967387310462
flux,DNMPPA,6.795586102368243e-05
flux,HPPK2,6.795586102368243e-05
flux,PTPATi,6.846375236168036e-05
flux,HEX7,0.0
flux,DXPRIi,0.00024267048129382584
flux,OPHBDC,2.2651953674559767e-05
flux,OHPHM,0.0
flux,GHMT2r,0.11882026431939581
flux,DHORD2,0.0
flux,ADK4,0.0
flux,INSK,0.0
flux,ABTA,0.0
flux,SSALx,0.0
flux,ASPT,0.0
flux,SERD_L,0.0
flux,THRD,0.0
flux,HEX4,0.0
flux,KARA1,-0.08881668510566729
flux,KARA2,0.029511432507247422
flux,ACCOAC,0.007905836567224158
flux,NADK,4.540548561674979e-05
flux,ICHORS_copy2,0.0
flux,SUCBZS,0.0
flux,DHBD,0.0
flux,ICHORT,0.0
flux,RBK_L1,0.0
flux,RBP4E,0.0
flux,NTD2,0.002657896949993412
flux,NTD4,0.0
flux,NTD5,0.0
flux,NTD6,0.002657896949993412
flux,LGTHL,0.0
flux,PYDXPP,0.0
flux,PDXPP,0.0
flux,HACD6,0.028244446775486057
flux,ECOAH1,0.03614967387310462
flux,ECOAH2,0.03614967387310462
flux,ECOAH3,0.03614967387310462
flux,UGLT,0.0
flux,DXPS,0.0002879743886429454
flux,CDPMEK,0.00024267048129382584
flux,MECDPS,0.00024267048129382584
flux,DDGLK,0.0
flux,XYLI2,0.0
flux,PMANM,0.0
flux,ICL,0.0
flux,GLYCL,0.0
flux,CMPN,0.0
flux,HCYSMT,0.0
flux,UDPG4E,0.0
flux,LACZ,0.0
flux,TRE6PH,0.0
flux,XYLI1,0.0
flux,PPC,0.300694324046486
flux,ALDD4,0.0
flux,G3PT,0.0
flux,CINNDO,0.0
flux,DHPPD,0.0
flux,DHCIND,0.0
flux,CITL,0.0
flux,GOFUCR,0.0
flux,PYDXK,0.0
flux,GTPCII2,4.5303907349122455e-05
flux,URIC,0.0
flux,SADT2,0.0251387928219166
flux,LCARS,0.0
flux,ALCD19,0.0
flux,RMPA,0.0
flux,SBTPD,0.0
flux,PFK_2,0.0
flux,GLTPD,0.0
flux,TGBPA,0.0
flux,MANAO,0.0
flux,TAGURr,0.0
flux,PGLYCP,0.0
flux,GLXCL,0.0
flux,TARTD,0.0
flux,GLCRAL,0.0
flux,KAS14,0.0
flux,EDTXS1,0.0
flux,EDTXS2,0.0
flux,EDTXS3,0.0
flux,EDTXS4,0.0
flux,EX_tmao_e,0.0
flux,NNDPR,0.00023139529359039133
flux,HACD4,0.03614967387310462
flux,HACD7,0.028244446775486057
flux,AACPS1,0.0
flux,SDPDS,0.037680356787552785
flux,DMSOR1,0.0
flux,DKGLCNR2y,0.0
flux,2DGULRy,0.0
flux,RZ5PP,0.0
flux,NTD9,0.0
flux,NTD10,0.0
flux,ADPT,0.0
flux,ADK1,0.0026435284028195984
flux,OCTDPS,2.2651953674559767e-05
flux,EX_26dap__M_e,0.0
flux,EX_acnam_e,0.0
flux,EX_amp_e,0.0
flux,EX_dha_e,9.87719776601244
flux,EX_fuc__L_e,0.0
flux,EX_glyald_e,0.0
flux,AACPS2,0.0
flux,AACPS3,0.01296423113711531
flux,AACPS4,0.015280215638370748
flux,EX_rmn_e,0.0
flux,EX_ttdca_e,0.0
flux,AMANK,0.0
flux,EX_glyclt_e,0.0
flux,EX_g6p_e,0.0
flux,EX_2ddglcn_e,0.0
flux,EX_galct__D_e,0.0
flux,EX_idon__L_e,0.0
flux,EX_indole_e,0.0
flux,EX_3hcinnm_e,0.0
flux,EX_acmana_e,0.0
flux,EX_galur_e,0.0
flux,EX_but_e,0.0
flux,EX_cbl1_e,0.0
flux,ACNML,0.0
flux,CAT,0.0
flux,SERASr,0.0
flux,DMSOR2,0.0
flux,ACMAMUT,0.0
flux,DDGALK,0.0
flux,AB6PGH,0.0
flux,AMALT1,0.0
flux,MLTP2,0.0
flux,PACCOAL,0.0
flux,GP4GH,0.0
flux,ACGAMT,0.0
flux,AADDGT,0.0
flux,EX_gbbtn_e,0.0
flux,EX_tma_e,0.0
flux,GMHEPK,0.0
flux,EX_malttr_e,0.0
flux,TRE6PS,0.0
flux,UDCPDP,0.002822656900038865
flux,TREH,0.0
flux,CYTK1,0.018385971170207814
flux,CYTK2,0.0
flux,GK1,0.02470667887155079
flux,HACD1,0.03614967387310462
flux,HACD2,0.03614967387310462
flux,EX_hdcea_e,0.0
flux,ACACCT,0.0
flux,BUTCT,0.0
flux,2DGULRx,0.0
flux,G1PTT,0.0
flux,TDPGDH,0.0
flux,UDPGALM,0.0
flux,TDPDRE,0.0
flux,TDPDRR,0.0
flux,G3PD6,0.0
flux,ALLTN,0.0
flux,UAPGR,0.002822656900038865
flux,NDPK7,0.0
flux,AOBUTDs,0.0
flux,GLYAT,0.0
flux,ADNUC,0.0
flux,GMHEPPA,0.0
flux,S7PI,0.0
flux,TRPS3,0.0057740134651255645
flux,CRNBTCT,0.0
flux,CRNCBCT,0.0
flux,CRNCDH,0.0
flux,FADRx,0.22203891936180917
flux,GTPDPK,0.0
flux,NADN,0.0
flux,NDPK2,-9.190584820954335
flux,NDPK3,0.018385971170207814
flux,NDPK4,0.002657896949993412
flux,FCLT,2.2651953674559767e-05
flux,HBZOPT,2.2651953674559767e-05
flux,PNTK,6.846375236168036e-05
flux,DPCOAK,6.846375236168036e-05
flux,HETZK,0.0
flux,KDOPS,0.003952613548809282
flux,KDOPP,0.003952613548809282
flux,AST,0.0
flux,SGDS,0.0
flux,CYNTAH,0.0
flux,GSPMDA,0.0
flux,GSPMDS,0.0
flux,GUAD,0.0
flux,TMAOR1,0.0
flux,TMAOR2,0.0
flux,DGK1,0.0
flux,DTMPK,0.002657896949993412
flux,NDPK1,0.03458656390908221
flux,TRDR,0.0251387928219166
flux,PGMT,0.0
flux,FRUK,0.0
flux,RHCCE,4.550706388431738e-05
flux,KG6PDC,0.0
flux,X5PL3E,0.0
flux,DOGULNR,0.0
flux,BETALDHx,0.0
flux,BETALDHy,0.0
flux,MLTG3,0.0
flux,DKGLCNR1,0.0
flux,NADTRHD,0.0
flux,FMNRx2,0.0
flux,ACPS1,0.0
flux,EX_nmn_e,0.0
flux,EX_urea_e,0.0
flux,GMPS2,0.0
flux,AMPN,0.0
flux,GSNK,0.0
flux,EX_f6p_e,0.0
flux,ADCS,6.795586102368243e-05
flux,ADCL,6.795586102368243e-05
flux,DHAPT,0.01435361868133342
flux,EX_lac__D_e,3.5128685307828627
flux,UMPK,0.03574264975483574
flux,DDPGALA,0.0
flux,DURIK1,0.002657896949993412
flux,UPPRT,0.0
flux,CTPS2,0.016305851406317066
flux,NTD1,0.0
flux,NTD7,0.0
flux,PAPPT3,0.002822656900038865
flux,UAGPT3,0.002822656900038865
flux,EX_ttdcea_e,0.0
flux,F6PA,9.891551384693773
flux,AGMHE,0.0
flux,GMHEPAT,0.0
flux,EX_h2s_e,0.0
flux,EX_gthrd_e,0.0
flux,IDOND,0.0
flux,IDOND2,0.0
flux,GLYCLTDx,0.0
flux,HPYRRy,0.0
flux,ACODA,0.03004603892962055
flux,ADA,0.0
flux,DADA,0.0
flux,ADD,0.0
flux,ADSS,0.03040278180541013
flux,AGDC,0.0
flux,ASNN,0.0
flux,ASNS2,0.024485949296058317
flux,ASPCT,0.03360158303038564
flux,DMPPS,0.00024267048129382584
flux,MCOATA,0.007905633410688959
flux,IPDPS,0.0
flux,DAPE,0.037680356787552785
flux,DHDPRy,0.037680356787552785
flux,HSK,0.055280518479615334
flux,SDPTA,-0.037680356787552785
flux,THRS,0.055280518479615334
flux,HSST,0.015634012744417794
flux,PPNDH,0.01881889774671442
flux,DDPA,0.038713407769033835
flux,NMNDA,0.0
flux,NNAM,0.0
flux,P5CD,0.0
flux,SPMDAT1,0.0
flux,SPMDAT2,0.0
flux,TDPADGAT,0.0
flux,MALS,0.0
flux,TRE6PP,0.0
flux,EX_met__D_e,0.0
flux,EX_tartr__L_e,0.0
flux,EX_taur_e,0.0
flux,EX_maltpt_e,0.0
flux,EX_glcur_e,0.0
flux,ADPRDP,0.0
flux,ARAI,0.0
flux,M1PD,0.0
flux,G3PD2,-0.014122223387743028
flux,GALS3,0.0
flux,FCI,0.0
flux,FCLK,0.0
flux,FCLPA,0.0
flux,ACCOAL,0.0
flux,GALUi,0.0
flux,U23GAAT,0.003952613548809282
flux,UAAGDS,0.002822656900038865
flux,UAMAS,0.002822656900038865
flux,UAMAGS,0.002822656900038865
flux,UGLYCH,0.0
flux,OP4ENH,0.0
flux,HOPNTAL,0.0
flux,3HPPPNH,0.0
flux,AKGDH,0.0
flux,HPYRRx,0.0
flux,GLYCDx,0.0
flux,ASP1DC,6.846375236168036e-05
flux,UGMDDS,0.002822656900038865
flux,UHGADA,0.003952613548809282
flux,UAGAAT,0.003952613548809282
flux,ATPPRT,0.009623321915786742
flux,HISTD,0.009623321915786742
flux,IGPDH,0.009623321915786742
flux,PRPPS,-0.16943543526870783
flux,PRATPP,0.009623321915786742
flux,PRMICI,0.009623321915786742
flux,SERAT,0.0251387928219166
flux,CYSS,0.0251387928219166
flux,BPNT,0.0251387928219166
flux,PAPSR,0.0251387928219166
flux,ASPK,0.10859488801158591
flux,ASAD,-0.10859488801158591
flux,DAPDC,0.03485769988751392
flux,EX_mmet_e,0.0
flux,METAT,9.121728430383262e-05
flux,ASCBPL,0.0
flux,ACBIPGT,0.0
flux,ADOCBLS,0.0
flux,ADOCBIK,0.0
flux,TMPK,2.2651953674559767e-05
flux,HPPPNDO,0.0
flux,DHCINDO,0.0
flux,HKNDDH,0.0
flux,HKNTDH,0.0
flux,GLYCK2,0.0
flux,ENTCS,0.0
flux,SULR,0.0251387928219166
flux,MANPGH,0.0
flux,URDGLYCD,0.0
flux,CBMKr,0.0636476219600062
flux,AMANAPEr,0.0
flux,ACM6PH,0.0
flux,NNATr,0.00023139529359039133
flux,CYTDH,0.0
flux,PSERT,0.18000105805076216
flux,AIRC2,0.045486138761174175
flux,GAPD,9.858369319908572
flux,HEX1,10.0
flux,GND,0.060182584095653954
flux,TAUDO,0.0
flux,DM_amob_c,2.0315653519784546e-07
flux,ME2,0.0
flux,ARGSL,0.03004603892962055
flux,CBPS,0.0
flux,GLU5K,0.022454383944079864
flux,IPPS,0.04576415847961026
flux,EX_mg2_e,-0.0008811914714206547
flux,ACOATA,0.0
flux,MLTG2,0.0
flux,MLTG1,0.0
flux,AMALT3,0.0
flux,MLTP3,0.0
flux,SPODM,0.00023139529359039133
flux,AHCYSNS,4.550706388431738e-05
flux,TMK,0.0
flux,NTPP4,0.0
flux,NTPP3,0.0
flux,NTPP6,0.0
flux,NTPP7,0.0
flux,NTPP8,0.0
flux,P5CR,0.022454383944079864
flux,CYANST,0.0
flux,DHPPDA2,4.5303907349122455e-05
flux,G5SADs,0.022454383944079864
flux,GMAND,0.0
flux,PPCSCT,0.0
flux,CYTD,0.0
flux,DCYTD,0.0
flux,DBTS,2.0315653519784546e-07
flux,DCTPD,0.0
flux,DHDPS,0.037680356787552785
flux,G1PACT,0.00959792734888701
flux,GART,0.00024917149042016934
flux,CSND,0.0
flux,GF6PTA,0.00959792734888701
flux,H2SO,0.0
flux,GLUCYS,0.0
flux,GLUN,0.0
flux,GLUPRT,0.045508790714848736
flux,GMPR,0.0
flux,NADS1,0.00023139529359039133
flux,NTRIR2x,0.0
flux,OCBT,0.03004603892962055
flux,GARFT,0.04525961922442857
flux,GPDDA1,0.0
flux,GPDDA2,0.0
flux,PHETA1,-0.01881889774671442
flux,PPND,0.014029888742495607
flux,TRPS1,0.0
flux,PRAMPC,0.009623321915786742
flux,MCITL2,0.0
flux,DXYLK,0.0
flux,MDH3,10.618607857394217
flux,SOTA,0.0
flux,SGSAD,0.0
flux,PTA2,0.0
flux,MDH2,0.0
flux,ACOTA,-0.03004603892962055
flux,GPDDA5,0.0
flux,PDX5PS,2.2651953674559767e-05
flux,PPBNGS,0.00018121562939647814
flux,PPNCL2,6.846375236168036e-05
flux,PRAGSr,0.045508790714848736
flux,PRFGS,0.045508790714848736
flux,EX_acac_e,0.0
flux,ETHAAL,0.0
flux,MAN1PT2,0.0
flux,AP4AH,0.0
flux,AP5AH,0.0
flux,ADNCYC,0.0
flux,MI1PP,0.0
flux,MCITS,0.0
flux,PPAKr,0.0
flux,NTP3,0.0
flux,PPM2,0.0
flux,MOAT2,0.001976306774404641
flux,EX_adn_e,0.0
flux,EX_ins_e,0.0
flux,G6PDH2r,0.060182584095653954
flux,NADH5,0.0
flux,MOHMT,6.846375236168036e-05
flux,EX_glyc3p_e,0.0
flux,EX_lcts_e,0.0
flux,EX_nac_e,0.0
flux,EX_ocdca_e,0.0
flux,GMPS,0.02470667887155079
flux,FTHFLi,0.0
flux,UDPGD,0.0
flux,GLCRD,0.0
flux,PPPNDO,0.0
flux,CHRPL,2.2651953674559767e-05
flux,TDPAGTA,0.0
flux,UACMAMO,0.0
flux,FBA3,0.0
flux,PMPK,2.2651953674559767e-05
flux,LCADi,0.0
flux,ADK3,0.0023301091696643216
flux,GLUDC,0.0
flux,BSORy,0.0
flux,ADSK,0.0251387928219166
flux,HSDy,-0.07091453122403313
flux,CYSTL,0.015634012744417794
flux,SHSL1,0.015634012744417794
flux,SSALy,0.0
flux,EX_dad_2_e,0.0
flux,EX_ser__D_e,0.0
flux,EX_gam6p_e,0.0
flux,EX_15dap_e,0.0
flux,EX_ocdcea_e,0.0
flux,EX_cynt_e,0.0
flux,EX_galctn__D_e,0.0
flux,EX_glyb_e,0.0
flux,3HCINNMH,0.0
flux,BSORx,0.0
flux,NMNt7pp,0.0
flux,GLUtex,0.0
flux,GLYtex,-0.011012811038254565
flux,GLYALDtex,0.0
flux,GLYBtex,0.0
flux,GLYCtex,0.0
flux,GLYC3Ptex,0.0
flux,GLYCLTtex,0.0
flux,GTPtex,0.0
flux,GUAtex,0.0
flux,Htex,-9.507416710089021
flux,H2tex,0.0
flux,H2Otex,-8.231253280578962
flux,FACOAL160t2pp,0.0
flux,FACOAL180t2pp,0.0
flux,SPODMpp,0.0
flux,NO3R1bpp,0.0
flux,O2tpp,5.3265755862717565
flux,PHYTSpp,0.0
flux,PPTHpp,0.0
flux,PYRt2rpp,0.0
flux,NO3R2pp,0.0
flux,NTP3pp,0.0
flux,NO3R2bpp,0.0
flux,THD2pp,1.1222677833827834
flux,TMAOR1pp,0.0
flux,TMAOR2pp,0.0
flux,XANtpp,0.0
flux,DAPtex,0.0
flux,12PPDStex,0.0
flux,DDGLCNtex,0.0
flux,26DAHtex,0.0
flux,HCINNMtex,0.0
flux,HPPPNtex,0.0
flux,ACtex,-5.050193715840323
flux,ACALDtex,0.0
flux,ACMANAtex,0.0
flux,ACMUMtex,0.0
flux,ACACT7r,0.028244446775486057
flux,PSP_L,0.18000105805076216
flux,ACACT2r,0.03614967387310462
flux,ACACT3r,0.03614967387310462
flux,ACACT4r,0.03614967387310462
flux,SUCCt2_2pp,0.0
flux,SUCFUMtpp,0.0
flux,SUCptspp,0.0
flux,SULabcpp,0.0
flux,TSULabcpp,0.0
flux,TARTRt7pp,0.0
flux,AHGDx,0.0
flux,TAURabcpp,0.0
flux,THMDt2pp_copy1,0.0
flux,EX_ca2_e,-0.0005287148828523929
flux,EX_so3_e,0.0
flux,Kt2pp,0.019827366787436525
flux,AKGt2rpp,0.0
flux,XYLt2pp,0.0
flux,EX_ascb__L_e,0.0
flux,EX_ala_B_e,0.0
flux,EX_agm_e,0.0
flux,EX_minohp_e,0.0
flux,EX_ppt_e,0.0
flux,EX_hxa_e,0.0
flux,EX_lyx__L_e,0.0
flux,EX_acmum_e,0.0
flux,EX_dca_e,0.0
flux,EX_all__D_e,0.0
flux,EX_octa_e,0.0
flux,EX_xylu__L_e,0.0
flux,EX_gdp_e,0.0
flux,EX_gtp_e,0.0
flux,THMabcpp,0.0
flux,THMDt2pp_copy2,0.0
flux,THRabcpp,0.0
flux,TREptspp,0.0
flux,TRPt2rpp,0.0
flux,TYRt2rpp,0.0
flux,URIt2pp_copy1,0.0
flux,URIt2pp_copy2,0.0
flux,VALabcpp,0.0
flux,XTSNt2rpp,0.0
flux,XYLabcpp,0.0
flux,XYLUt2pp,0.0
flux,THRt4pp,0.0
flux,EX_fruur_e,0.0
flux,GALtex,0.0
flux,GALCTtex,0.0
flux,GALCTNtex,0.0
flux,GALTtex,0.0
flux,GALURtex,0.0
flux,GTPCI,6.795586102368243e-05
flux,FDMO,0.0
flux,FEOXAMabcpp,0.0
flux,CBL1abcpp,0.0
flux,ACACt2pp,0.0
flux,ACGAptspp,0.0
flux,ACMANAptspp,0.0
flux,ACNAMt2pp,0.0
flux,CHOLD,0.0
flux,DRPA,0.0
flux,TKT2,-0.03866810386168471
flux,EX_ch4_e,0.0
flux,FEENTERabcpp,0.0
flux,FECRMabcpp,0.0
flux,GAMtex,0.0
flux,GBBTNtex,0.0
flux,ARBt2rpp,0.0
flux,DAPabcpp,0.0
flux,CO2tpp,-5.537839286163258
flux,DHAtpp,-9.87719776601244
flux,DMSOR1pp,0.0
flux,ARGabcpp,0.0
flux,ARGAGMt7pp,0.0
flux,ASCBptspp,0.0
flux,ASNt2rpp,0.0
flux,ASPabcpp,0.0
flux,ASPt2pp,0.0
flux,ASPt2_2pp,0.0
flux,ASPt2_3pp,0.0
flux,HIStex,0.0
flux,HXAtex,0.0
flux,HYXNtex,0.0
flux,IDONtex,0.0
flux,ILEtex,0.0
flux,INSTtex,0.0
flux,INStex,0.0
flux,Ktex,0.019827366787436525
flux,D_LACtex,-3.5128685307828627
flux,NTD8pp,0.0
flux,FRULYStex,0.0
flux,EX_fad_e,0.0
flux,GALCTt2rpp,0.0
flux,GALt2pp,0.0
flux,ASPtex,0.0
flux,ABUTt2pp,0.0
flux,CYSabcpp,0.0
flux,SBTptspp,0.0
flux,TREHpp,0.0
flux,CYTBDpp,0.0
flux,CYTBD2pp,10.652199485754378
flux,ACALDtpp,0.0
flux,ACt2rpp,-5.050193715840323
flux,EX_fe3dcit_e,0.0
flux,EX_fe3hox_e,0.0
flux,EX_fecrm_e,0.0
flux,EX_feenter_e,0.0
flux,EX_feoxam_e,0.0
flux,EX_cbi_e,0.0
flux,EX_arbtn_fe3_e,0.0
flux,EX_cpgn_e,0.0
flux,EX_adocbl_e,0.0
flux,ATPS4rpp,1.99290795175221
flux,INDOLEtex,0.0
flux,L_LACtex,0.0
flux,ACt4pp,0.0
flux,ADEt2rpp,0.0
flux,ADNt2pp_copy1,0.0
flux,ADNt2pp_copy2,0.0
flux,ALAabcpp,0.0
flux,ALLabcpp,0.0
flux,ALLTNt2rpp,0.0
flux,ARBabcpp,0.0
flux,ECOAH8,0.0
flux,GLCDpp,0.0
flux,GUAtpp,0.0
flux,HYD2pp,0.0
flux,HYXNtpp,0.0
flux,NACtpp,0.0
flux,FE3DCITabcpp,0.0
flux,CPGNtonex,0.0
flux,GLCRtex,0.0
flux,GLCNtex,0.0
flux,GLCURtex,0.0
flux,GLNtex,0.0
flux,O2tex,5.3265755862717565
flux,EX_ppa_e,0.0
flux,OCTAtex,0.0
flux,ORNtex,0.0
flux,ECOAH5,0.03614967387310462
flux,DHFS,6.795586102368243e-05
flux,CITt7pp,0.0
flux,CRNt7pp,0.0
flux,EX_ni2_e,-3.280978043445204e-05
flux,EX_no_e,0.0
flux,CHLabcpp,0.0
flux,DGSNt2pp,0.0
flux,DINSt2pp,0.0
flux,DURIt2pp,0.0
flux,FE2abcpp,0.0
flux,FRUptspp,0.0
flux,FUCtpp,0.0
flux,FUMt2_2pp,0.0
flux,FUMt2_3pp,0.0
flux,FEENTERtonex,0.0
flux,CSNt2pp,0.0
flux,CYNTt2pp,0.0
flux,CYTDt2pp_copy1,0.0
flux,CYTDt2pp_copy2,0.0
flux,DADNt2pp,0.0
flux,DCYTt2pp,0.0
flux,DDGLCNt2rpp,0.0
flux,RMNtex,0.0
flux,EX_meoh_e,2.0315653519784546e-07
flux,MALTTRtexi,0.0
flux,MALTTTRtexi,0.0
flux,MALTPTtexi,0.0
flux,MALTtexi,0.0
flux,GLCtex_copy1,0.0
flux,FE3DCITtonex,0.0
flux,PHEtex,0.0
flux,PItex,0.09798300639551327
flux,ACGAMK,0.0
flux,METS,0.015679519808302112
flux,EX_cu2_e,-7.201899172763621e-05
flux,CYSabc2pp,0.0
flux,PRASCSi,0.045486138761174175
flux,TRSARr,0.0
flux,LYXI,0.0
flux,EX_pheme_e,0.0
flux,PNTOtex,0.0
flux,PPPNtex,0.0
flux,PPTtex,0.0
flux,PTRCtex,0.0
flux,PYRtex,0.0
flux,DSERtex,0.0
flux,SERtex,0.0
flux,SO4tex,0.025579439346760727
flux,SPMDtex,0.0
flux,SUCCtex,0.0
flux,SUCRtex,0.0
flux,TARTRtex,0.0
flux,TAURtex,0.0
flux,THRtex,0.0
flux,THMDtex,0.0
flux,CBIuabcpp,0.0
flux,METDtex,0.0
flux,METtex,0.0
flux,MNLtex,0.0
flux,NAtex,0.0
flux,NACtex,0.0
flux,NH4tex,1.108049466953785
flux,URIH,0.0
flux,XTSNH,0.0
flux,INSH,0.0
flux,BUTtex,0.0
flux,CHLtex,0.0
flux,CO2tex,-5.537839286163258
flux,CRNtex,0.0
flux,PPK2,0.0
flux,DINStex,0.0
flux,DMStex,0.0
flux,CSNtex,0.0
flux,CYNTtex,0.0
flux,CYStex,0.0
flux,CYTDtex,0.0
flux,DCAtex,0.0
flux,DCYTtex,0.0
flux,DGSNtex,0.0
flux,MTHFR2,0.015679519808302112
flux,ASPO3,0.00023139529359039133
flux,ASPO5,0.0
flux,ASPO4,0.0
flux,ASPO6,0.0
flux,LCTStex,0.0
flux,LEUtex,0.0
flux,LYStex,0.0
flux,LYXtex,0.0
flux,MANtex,0.0
flux,MAN6Ptex,0.0
flux,MELIBtex,0.0
flux,DMSOtex,0.0
flux,DURItex,0.0
flux,EX_mal__D_e,0.0
flux,FRUtex,0.0
flux,FUCtex,0.0
flux,FUMtex,0.0
flux,ACACT5r,0.03614967387310462
flux,MALDDH,0.0
flux,FE2tex,0.001631448555906298
flux,NMNtex,0.0
flux,NO2tex,0.0
flux,DHPS2,6.795586102368243e-05
flux,MTHFC,0.10039173185506405
flux,MTHFD,0.10039173185506405
flux,BUTt2rpp,0.0
flux,CADVtpp,0.0
flux,QULNS,0.00023139529359039133
flux,ALKP,0.0
flux,GDPtex,0.0
flux,EX_cobalt2_e,-2.5394566899730684e-06
flux,TMAtex,0.0
flux,TMAOtex,0.0
flux,TREtex,0.0
flux,L_LACD3,0.0
flux,L_LACD2,0.0
flux,ACACT6r,0.028244446775486057
flux,TRPtex,0.0
flux,TSULtex,0.0
flux,TYRtex,0.0
flux,URAtex,0.0
flux,UREAtex,0.0
flux,URItex,0.0
flux,VALtex,0.0
flux,XANtex,0.0
flux,XYLtex,0.0
flux,ABUTtex,0.0
flux,FORtppi,0.0
flux,DATPHs,0.0
flux,GLCTR1,0.0
flux,LIPAabcpp,0.0
flux,LIPACabcpp,0.0
flux,GGGABADr,0.0
flux,EX_mso3_e,0.0
flux,EX_23camp_e,0.0
flux,EX_23cgmp_e,0.0
flux,EX_23cump_e,0.0
flux,EX_3amp_e,0.0
flux,EX_3gmp_e,0.0
flux,EX_3ump_e,0.0
flux,EX_glyc__R_e,0.0
flux,EX_eca4colipa_e,0.0
flux,GLYOX3,0.0
flux,FDMO3,0.0
flux,FDMO4,0.0
flux,BUTSO3abcpp,0.0
flux,ETHSO3abcpp,0.0
flux,EX_sel_e,0.0
flux,EX_hg2_e,0.0
flux,O16GLCT1,0.0
flux,O16AP2pp,0.0
flux,O16AP3pp,0.0
flux,O16A4Lpp,0.0
flux,MALTATr,0.0
flux,DHBSH,0.0
flux,ENTERES,0.0
flux,FEOXAMUtex,0.0
flux,ARBTNtpp,0.0
flux,ARBTNtex,0.0
flux,23CAMPtex,0.0
flux,23CCMPtex,0.0
flux,23CUMPtex,0.0
flux,23CGMPtex,0.0
flux,3AMPtex,0.0
flux,3CMPtex,0.0
flux,LADGMDH,0.0
flux,ALAGLUE,0.0
flux,FEENTERtpp,0.0
flux,FEENTERtex,0.0
flux,FE3HOXUtpp,0.0
flux,FEOXAMUtpp,0.0
flux,FECRMUtpp,0.0
flux,FE3HOXR2,0.0
flux,PTRCt2pp,0.0
flux,GGGABAH,0.0
flux,FRULYSK,0.0
flux,FDMO6,0.0
flux,SULFACabcpp,0.0
flux,ETHSO3tex,0.0
flux,BUTSO3tex,0.0
flux,LIPOtex,0.0
flux,CYANSTpp,0.0
flux,MCPST,0.0
flux,PHEMEabcpp,0.0
flux,METSOX1abcpp,0.0
flux,GALBDtex,0.0
flux,LIPAHT2ex,0.0
flux,LIPAHTex,0.0
flux,ECAP1pp,0.0
flux,UDCPDPpp,0.0
flux,ECAP2pp,0.0
flux,ECA4OALpp,0.0
flux,FE3Ri,0.0
flux,FE3HOXR3,0.0
flux,FEENTERR1,0.0
flux,FEENTERR3,0.0
flux,SULFACtex,0.0
flux,EX_sulfac_e,0.0
flux,EX_butso3_e,0.0
flux,EX_ethso3_e,0.0
flux,NODOy,0.0
flux,GALM2pp,0.0
flux,CU1abcpp,0.0
flux,HG2abcpp,0.0
flux,GLCTR3,0.0
flux,HEPT4,0.0
flux,LA4NTpp,0.0
flux,NODOx,0.0
flux,NOtex,0.0
flux,NOtpp,0.0
flux,NHFRBO,0.0
flux,N2Otpp,0.0
flux,N2Otex,0.0
flux,CRNt8pp,0.0
flux,CRNt2rpp,0.0
flux,CRNDt2rpp,0.0
flux,CTBTt2rpp,0.0
flux,42A12BOOXpp,0.0
flux,TYROXDApp,0.0
flux,PACALDt2rpp,0.0
flux,PEAMNtex,0.0
flux,PACALDtex,0.0
flux,LIPOt2pp,0.0
flux,NTRIR4pp,0.0
flux,NTRIR3pp,0.0
flux,INOSTt4pp,0.0
flux,PHEMEtiex,0.0
flux,AGM3PA,0.0
flux,CYANtex,0.0
flux,SO3tex,0.0
flux,TCYNTtex,0.0
flux,ACANTHAT,0.0
flux,METSOX2abcpp,0.0
flux,METSOX1tex,0.0
flux,METSOX2tex,0.0
flux,3UMPtex,0.0
flux,3GMPtex,0.0
flux,FALDtpp,0.0
flux,EX_tym_e,0.0
flux,METSOXR1,0.0
flux,METSOXR2,0.0
flux,DAPAL,0.0
flux,AMPTASECG,0.0
flux,EX_imp_e,0.0
flux,DOPAtex,0.0
flux,4HOXPACDtex,0.0
flux,LACZpp,0.0
flux,GPDDA1pp,0.0
flux,GPDDA5pp,0.0
flux,ETHAtex,0.0
flux,G3PStex,0.0
flux,FEENTERR2,0.0
flux,FLVR,0.0
flux,FE3HOXR1,0.0
flux,FEENTERexs,0.0
flux,FE3HOXexs,0.0
flux,FECRMR3,0.0
flux,FDMO2,0.0
flux,LALGP,0.0
flux,AGM4PApp,0.0
flux,AGM4PA,0.0
flux,RNDR3b,0.0
flux,RNDR4b,0.0
flux,ACGAL1Ptex,0.0
flux,ACGALtex,0.0
flux,GLCUR1Ptex,0.0
flux,UDPGLCURtex,0.0
flux,UDPGALPpp,0.0
flux,UACGAMPpp,0.0
flux,UACGALPpp,0.0
flux,UGLCURPpp,0.0
flux,FEROpp,0.0
flux,ISETACabcpp,0.0
flux,ISETACtex,0.0
flux,GUR1PPpp,0.0
flux,UDPGtex,0.0
flux,ACGAL1PPpp,0.0
flux,UDPGALtex,0.0
flux,ACGAM1Ptex,0.0
flux,UACGAMtex,0.0
flux,UDPACGALtex,0.0
flux,AM4PCP,0.0
flux,AM3PA,0.0
flux,UM4PCP,0.0
flux,CBLAT,0.0
flux,MSO3abcpp,0.0
flux,MSO3tex,0.0
flux,FECRMR1,0.0
flux,FECRMR2,0.0
flux,TDP,0.0
flux,3PEPTabcpp,0.0
flux,4PEPTabcpp,0.0
flux,AGM3Pt2pp,0.0
flux,AGM4Pt2pp,0.0
flux,AGMt2pp,0.0
flux,FECRMexs,0.0
flux,ARBTNR1,0.0
flux,ARBTNR2,0.0
flux,ARBTNR3,0.0
flux,ARBTNexs,0.0
flux,FEOXAMexs,0.0
flux,FEOXAMR1,0.0
flux,FEOXAMR2,0.0
flux,FEOXAMR3,0.0
flux,PTHRpp,0.0
flux,ARABDI,0.0
flux,AGt3,0.0
flux,CD2t3pp,0.0
flux,ZNabcpp,0.0
flux,SKMt2pp,0.0
flux,FE2t2pp,0.001631448555906298
flux,R5PPpp,0.0
flux,PSP_Lpp,0.0
flux,TYRPpp,0.0
flux,GLYC2Ptex,0.0
flux,PSERtex,0.0
flux,R5Ptex,0.0
flux,THRPtex,0.0
flux,TYRPtex,0.0
flux,PAPSR2,0.0
flux,GRXR,0.0
flux,RNDR1b,0.0
flux,RNDR2b,0.0
flux,FACOAE181,0.0
flux,FACOAE160,0.01296423113711531
flux,FACOAE140,0.0
flux,CPGNR1,0.0
flux,CPGNR2,0.0
flux,CPGNR3,0.0
flux,CPGNUtpp,0.0
flux,CPGNUtex,0.0
flux,AAMYL,0.0
flux,AAMYLpp,0.0
flux,FACOAL80t2pp,0.0
flux,PPGPPDP,0.0
flux,CPGNabcpp,0.0
flux,CPGNexs,0.0
flux,CITtex,0.0
flux,ACGAtex,0.0
flux,DDCAtexi,0.0
flux,TTDCAtexi,0.0
flux,HDCAtexi,0.0
flux,GUACYC,0.0
flux,23PDE2pp,0.0
flux,23PDE4pp,0.0
flux,23PDE9pp,0.0
flux,ATPHs,0.0
flux,SARCOX,0.0
flux,GTPHs,0.0
flux,MN6PP,0.0
flux,3KGK,0.0
flux,EX_cd2_e,0.0
flux,F6PP,0.0
flux,GDPMNH,0.0
flux,FACOAL60t2pp,0.0
flux,IDONt2rpp,0.0
flux,ILEabcpp,0.0
flux,INDOLEt2pp,0.0
flux,INSt2pp,0.0
flux,LYXt2pp,0.0
flux,GDPDPK,0.0
flux,OCDCAtexi,0.0
flux,OCDCEAtexi,0.0
flux,G6Ptex,0.0
flux,TUNGSabcpp,0.0
flux,MOBDabcpp,7.110478731924591e-07
flux,MOBDtex,7.110478731924591e-07
flux,NI2uabcpp,0.0
flux,NI2tex,3.280978043445204e-05
flux,R1PK,0.2641745396884449
flux,R15BPK,0.2641745396884449
flux,Kabcpp,0.0
flux,LEUabcpp,0.0
flux,L_LACt2rpp,0.0
flux,MALt2_2pp,0.0
flux,MALt2_3pp,0.0
flux,MALTabcpp,0.0
flux,MALTHXabcpp,0.0
flux,MALTPTabcpp,0.0
flux,MALTTRabcpp,0.0
flux,MALTTTRabcpp,0.0
flux,MAN6Pt6_2pp,0.0
flux,MANGLYCptspp,0.0
flux,MELIBt2pp,0.0
flux,METabcpp,0.0
flux,EX_fe3hox_un_e,0.0
flux,GGPTRCS,0.0
flux,EX_23dappa_e,0.0
flux,RMNtpp,0.0
flux,SERt4pp,0.0
flux,SUCCt2_3pp,0.0
flux,MNLptspp,0.0
flux,NAt3_1p5pp,0.0
flux,NAt3_2pp,0.0
flux,NH4tpp,1.108049466953785
flux,NMNPtpp,0.0
flux,NO2t2rpp,0.0
flux,NO3t7pp,0.0
flux,ORNabcpp,0.0
flux,PIuabcpp,0.0
flux,PNTOt4pp,0.0
flux,FRULYSDG,0.0
flux,METDabcpp,0.0
flux,PROabcpp,0.0
flux,PROt2rpp,0.0
flux,PROt4pp,0.0
flux,PTRCabcpp,0.0
flux,ASNNpp,0.0
flux,GLUNpp,0.0
flux,NTD12,0.0
flux,FECRMtonex,0.0
flux,ARBTNtonex,0.0
flux,ADOCBLabcpp,0.0
flux,EX_enter_e,0.0
flux,EX_fecrm_un_e,0.0
flux,EX_cgly_e,0.0
flux,EX_chtbs_e,0.0
flux,EX_gmp_e,0.0
flux,EX_h2o2_e,0.0
flux,EX_ump_e,0.0
flux,EX_pydam_e,0.0
flux,CRNabcpp,0.0
flux,CRNDabcpp,0.0
flux,DNTPPA,6.795586102368243e-05
flux,CTBTabcpp,0.0
flux,NTPP9,0.0
flux,NTPP10,0.0
flux,NTPP11,0.0
flux,NTD10pp,0.0
flux,NTD1pp,0.0
flux,NTD2pp,0.0
flux,NTD3pp,0.0
flux,NTD4pp,0.0
flux,NTD5pp,0.0
flux,NTD6pp,0.0
flux,NTD7pp,0.0
flux,NTD9pp,0.0
flux,PEAMNOpp,0.0
flux,GAL1PPpp,0.0
flux,H2O2tex,0.0
flux,ARGDCpp,0.0
flux,ALLPI,0.0
flux,ALLK,0.0
flux,ALLULPE,0.0
flux,ADEtex,0.0
flux,ADNtex,0.0
flux,AGMtex,0.0
flux,ALAtex,0.0
flux,BALAtex,0.0
flux,DALAtex,0.0
flux,AMPtex,0.0
flux,ARBtex,0.0
flux,ARGtex,0.0
flux,ASCBtex,0.0
flux,FACOAL100t2pp,0.0
flux,RIBabcpp,0.0
flux,GPDDA3pp,0.0
flux,GPDDA4pp,0.0
flux,GPDDA2pp,0.0
flux,FACOAL120t2pp,0.0
flux,FACOAL140t2pp,0.0
flux,FE3HOXtonex,0.0
flux,CU2abcpp,0.0
flux,COBALT2abcpp,0.0
flux,NI2abcpp,0.0
flux,MG2uabcpp,0.0
flux,HCYSMT2,0.0
flux,MMETtex,0.0
flux,FE3tex,0.0
flux,MG2tex,0.0008811914714206547
flux,Zn2tex,3.463818925123265e-05
flux,MMETt2pp,0.0
flux,CD2tex,0.0
flux,GLNabcpp,0.0
flux,GLUabcpp,0.0
flux,GLUABUTt7pp,0.0
flux,GLUt2rpp,-0.0005287148828523929
flux,GLUt4pp,0.0005287148828523929
flux,GLYALDtpp,0.0
flux,EX_etha_e,0.0
flux,ACGK,0.03004603892962055
flux,LCTSt3ipp,0.0
flux,ARBt3ipp,0.0
flux,14GLUCANabcpp,0.0
flux,14GLUCANtexi,0.0
flux,DHPTPE,0.0
flux,NADPHQR2,0.0
flux,NADPHQR3,0.0
flux,NADPHQR4,0.0
flux,GLBRAN2,0.0
flux,ASR,0.0
flux,ASO3tex,0.0
flux,MANGLYCtex,0.0
flux,EX_frulys_e,0.0
flux,METOX1s,0.0
flux,METOX2s,0.0
flux,FRUURt2rpp,0.0
flux,FRUURtex,0.0
flux,ECAtpp,0.0
flux,O16AT,0.0
flux,O16GALFT,0.0
flux,O16GLCT2,0.0
flux,O16AUNDtpp,0.0
flux,O16AP1pp,0.0
flux,GLYCAt2rpp,0.0
flux,GLYCAtex,0.0
flux,EX_enlipa_e,0.0
flux,EX_hacolipa_e,0.0
flux,AGM4PCP,0.0
flux,4PCP,0.0
flux,4PCPpp,0.0
flux,FALDH2,0.0
flux,GLYBabcpp,0.0
flux,GLYC3Pt6pp,0.0
flux,GLYCLTt4pp,0.0
flux,GLYCtpp,0.0
flux,H2Otpp,-8.231253280578962
flux,HCINNMt2rpp,0.0
flux,HISabcpp,0.0
flux,HISt2rpp,0.0
flux,CBIAT,0.0
flux,LYSabcpp,0.0
flux,COBALT2tex,2.5394566899730684e-06
flux,PPDOy,0.0
flux,FALGTHLs,0.0
flux,NTD12pp,0.0
flux,PPA2,0.0
flux,DIMPtex,0.0
flux,3NTD7pp,0.0
flux,3NTD4pp,0.0
flux,3NTD2pp,0.0
flux,3NTD9pp,0.0
flux,23PDE7pp,0.0
flux,GALTptspp,0.0
flux,GALURt2rpp,0.0
flux,GLCNt2rpp,0.0
flux,GLCptspp,0.0
flux,GLCRt2rpp,0.0
flux,GLCt2pp,10.0
flux,GLCURt2rpp,0.0
flux,ACMUMptspp,0.0
flux,EX_h2o_e,8.231253280578962
flux,EX_ala__D_e,0.0
flux,HSTPT,0.009623321915786742
flux,THDPS,0.037680356787552785
flux,ACONMT,0.0
flux,XTSNtex,0.0
flux,EX_hdca_e,0.0
flux,EX_glcr_e,0.0
flux,GNK,0.0
flux,HMBS,4.5303907349119534e-05
flux,RMK,0.0
flux,FHL,0.0
flux,HYPOE,0.0
flux,MEPCT,0.00024267048129382584
flux,GLUDy,-0.8741359465314299
flux,ZN2abcpp,0.0
flux,GLYCLTDy,0.0
flux,LYSDC,0.0
flux,DAAD,0.0
flux,UREAtpp,0.0
flux,XANt2pp,0.0
flux,GLYC3Pabcpp,0.0
flux,PPPNt2rpp,0.0
flux,PTRCORNt7pp,0.0
flux,SPMDabcpp,0.0
flux,HG2tex,0.0
flux,NTPP5,0.0
flux,ATPM,6.86
flux,NADPPPS,0.0
flux,EX_mnl_e,0.0
flux,NTD3,0.0
flux,GLYOX,0.0
flux,DADNtex,0.0
flux,DHAtex,-9.87719776601244
flux,ETOHtex,0.0
flux,MTRPOX,0.0
flux,AGM4PCPpp,0.0
flux,GTPDPDP,0.0
flux,RNDR2,0.0
flux,EX_asn__L_e,0.0
flux,EX_mal__L_e,0.0
flux,NMNN,0.0
flux,XAND,0.0
flux,EX_no2_e,0.0
flux,HACD3,0.03614967387310462
flux,ACACtex,0.0
flux,ACNAMtex,0.0
flux,ARBTNabcpp,0.0
flux,NNDMBRT,0.0
flux,THRA2,0.0
flux,ASO3t8pp,0.0
flux,H2Stex,0.0
flux,PPK,0.0
flux,OMCDC,0.04576415847961026
flux,ABUTD,0.0
flux,E4PD,-4.530390734912266e-05
flux,IG3PS,0.009623321915786742
flux,EX_nh4_e,-1.108049466953785
flux,DADK,-0.002657896949993412
flux,DUTPDP,0.0
flux,EX_ddca_e,0.0
flux,NTP5,0.0
flux,FORt2pp,0.0
flux,EX_r5p_e,0.0
flux,EX_glyc2p_e,0.0
flux,MTAN,0.0
flux,DPR,6.846375236168036e-05
flux,THRD_L,0.029511432507247422
flux,EX_malt_e,0.0
flux,4PEPTtex,0.0
flux,NAMNPP,0.0
flux,EX_pnto__R_e,0.0
flux,SELNPS,0.0
flux,CRNCAR,0.0
flux,GALabcpp,0.0
flux,GLYCLTt2rpp,0.0
flux,GUAt2pp,0.0
flux,HPPPNt2rpp,0.0
flux,ANHMK,0.0
flux,DHFR,0.002725852811017094
flux,EX_cit_e,0.0
flux,PRAIi,0.0057740134651255645
flux,TYRTA,-0.014029888742495607
flux,SHKK,0.038713407769033835
flux,EX_gam_e,0.0
flux,EX_inost_e,0.0
flux,EX_mobd_e,-7.110478731924591e-07
flux,EX_so4_e,-0.025579439346760727
flux,SADH,0.0
flux,GLUSy,0.0
flux,GUAPRT,0.0
flux,EX_phe__L_e,0.0
flux,EX_thr__L_e,0.0
flux,EX_uri_e,0.0
flux,PDH,5.481064957680335
flux,DMSOR2pp,0.0
flux,H2St1pp,0.0
flux,HYD3pp,0.0
flux,NO3R1pp,0.0
flux,EX_halipa_e,0.0
flux,AACPS5,0.0
flux,MANptspp,0.0
flux,EX_cmp_e,0.0
flux,NTD8,0.0
flux,GALCTD,0.0
flux,EX_malthx_e,0.0
flux,MLTG4,0.0
flux,UDPGDC,0.0
flux,PUNP4,0.0
flux,AMAOTr,2.0315653519784546e-07
flux,EX_csn_e,0.0
flux,EX_etoh_e,0.0
flux,EX_his__L_e,0.0
flux,EX_k_e,-0.019827366787436525
flux,EX_na1_e,0.0
flux,ARGORNt7pp,0.0
flux,EX_dmso_e,0.0
flux,EX_12ppd__S_e,0.0
flux,EX_pppn_e,0.0
flux,EX_acgam1p_e,0.0
flux,NTD11pp,0.0
flux,EX_galt_e,0.0
flux,DKGLCNR2x,0.0
flux,ACGS,0.03004603892962055
flux,PDE1,0.0
flux,MCITD,0.0
flux,CU2tex,7.201899172763621e-05
flux,GLCATr,0.0
flux,FECRMUtex,0.0
flux,ALAALAr,0.002822656900038865
flux,CLtex,0.0005287148828523929
flux,CELBpts,0.0
flux,ACACT1r,0.03614967387310462
flux,MALTptspp,0.0
flux,EX_glcur1p_e,0.0
flux,EX_thrp_e,0.0
flux,EX_pydxn_e,0.0
flux,CD2abcpp,0.0
flux,G2PPpp,0.0
flux,Kt3pp,0.0
flux,AGM3PApp,0.0
flux,SUCOAS,0.053324324202195274
flux,NTP1,0.0
flux,GALKr,0.0
flux,PANTS,6.846375236168036e-05
flux,YUMPS,0.0
flux,DHQS,0.038713407769033835
flux,PGCD,0.18000105805076216
flux,EX_cys__L_e,0.0
flux,EX_gsn_e,0.0
flux,EX_orot_e,0.0
flux,ADSL1r,0.03040278180541013
flux,SERD_D,0.0
flux,AICART,0.05510946067696092
flux,FRUpts2pp,0.0
flux,G6Pt6_2pp,0.0
flux,PROtex,0.0
flux,SBTtex,0.0
flux,PFK,0.0
flux,PGM,-9.67836826185781
flux,TPI,0.0
flux,RPI,-0.09480746659383113
flux,PERD,-4.530390734912266e-05
flux,PYDAMK,0.0
flux,AKGtex,0.0
flux,ALLTNtex,0.0
flux,ASNtex,0.0
flux,FE3HOXabcpp,0.0
flux,FADRx2,0.0
flux,EX_o2_e,-5.3265755862717565
flux,EX_gal_bD_e,0.0
flux,PDE4,0.0
flux,AGM4PH,0.0
flux,AM4PA,0.0
flux,EX_dump_e,0.0
flux,EX_o2s_e,0.0
flux,EX_gal1p_e,0.0
flux,EX_dcmp_e,0.0
flux,EX_23ccmp_e,0.0
flux,EX_3cmp_e,0.0
flux,ATHRDHr,0.0
flux,LSERDHr,0.0
flux,DSERDHr,0.0
flux,EX_skm_e,0.0
flux,EX_ag_e,0.0
flux,EX_cys__D_e,0.0
flux,EX_acser_e,0.0
flux,EX_cu_e,0.0
flux,EX_arbtn_e,0.0
flux,EX_dopa_e,0.0
flux,EX_hom__L_e,0.0
flux,OBTFL,0.0
flux,THRt2pp,0.0
flux,EX_LalaDgluMdapDala_e,0.0
flux,EX_LalaDgluMdap_e,0.0
flux,EX_anhgm_e,0.0
flux,EX_fald_e,0.0
flux,G6PP,0.0
flux,MMCD,0.0
flux,GLNS,0.15911798832817003
flux,TYMtex,0.0
flux,GTHS,0.0
flux,EX_g3pe_e,0.0
flux,EX_pacald_e,0.0
flux,CMPtex,0.0
flux,DUMPtex,0.0
flux,XMPtex,0.0
flux,3PEPTtex,0.0
flux,ANHGMtex,0.0
flux,UDPKAAT,0.0
flux,ULA4NFT,0.0
flux,UPLA4FNT,0.0
flux,UPLA4FNF,0.0
flux,ULA4Ntppi,0.0
flux,HEPT1,0.0
flux,FALDtex,0.0
flux,ALR2,0.0
flux,AMALT2,0.0
flux,MLTP1,0.0
flux,HEPT2,0.0
flux,CYSDtex,0.0
flux,CYSDabcpp,0.0
flux,HXAND,0.0
flux,EX_acgal_e,0.0
flux,EX_so2_e,0.0
flux,EX_dms_e,0.0
flux,G3PItex,0.0
flux,G3PGtex,0.0
flux,G3PEtex,0.0
flux,G3PCtex,0.0
flux,MOAT3C,0.0
flux,RHAT1,0.0
flux,GLCabcpp,0.0
flux,GALT1,0.0
flux,GLCTR2,0.0
flux,UDPGPpp,0.0
flux,EX_acgal1p_e,0.0
flux,EX_cyan_e,0.0
flux,EX_tyrp_e,0.0
flux,EX_uacgam_e,0.0
flux,EX_udpacgal_e,0.0
flux,EX_udpg_e,0.0
flux,EX_udpgal_e,0.0
flux,EX_udpglcur_e,0.0
flux,EX_14glucan_e,0.0
flux,EX_pser__L_e,0.0
flux,EX_aso3_e,0.0
flux,EX_tcynt_e,0.0
flux,EX_fe3dhbzs_e,0.0
flux,PPPGO,2.2651953674559767e-05
flux,EX_feoxam_un_e,0.0
flux,EX_g3pc_e,0.0
flux,EX_g3pg_e,0.0
flux,EX_g3pi_e,0.0
flux,EX_g3ps_e,0.0
flux,EX_peamn_e,0.0
flux,EX_34dhpac_e,0.0
flux,DAMPtex,0.0
flux,DCMPtex,0.0
flux,DGMPtex,0.0
flux,DTMPtex,0.0
flux,GMPtex,0.0
flux,IMPtex,0.0
flux,UMPtex,0.0
flux,G1Ptex,0.0
flux,ADNK1,0.002726259124087487
flux,CUt3,0.0
flux,ZN2t3pp,0.0
flux,SKMtex,0.0
flux,MNt2pp,0.0
flux,MNtex,7.01905829108556e-05
flux,GAL1Ptex,0.0
flux,O2Stex,0.0
flux,HEPK1,0.0
flux,HEPT3,0.0
flux,HEPK2,0.0
flux,ALDD3y,0.0
flux,R5PP,0.0
flux,EX_xmp_e,0.0
flux,EX_damp_e,0.0
flux,CYSSADS,0.0
flux,EX_dimp_e,0.0
flux,CPPPGO2,0.0
flux,EX_isetac_e,0.0
flux,AGM3PH,0.0
flux,HOMt2pp,0.0
flux,HOMtex,0.0
flux,SO2tex,0.0
flux,SO2tpp,0.0
flux,LDH_D2,0.0
flux,SHCHF,2.2651953674559767e-05
flux,SUCBZL,0.0
flux,CYSDDS,0.0
flux,CYStpp,0.0
flux,ACSERtpp,0.0
flux,ACSERtex,0.0
flux,LALDO3,0.0
flux,NTP10,0.0
flux,PRAIS,0.045508790714848736
flux,GDMANE,0.0
flux,GPDDA4,0.0
flux,LPLIPAL2E140,0.0
flux,LPLIPAL2E180,0.0
flux,LPLIPAL2G161,0.0
flux,LPLIPAL2G181,0.0
flux,2AGPE120tipp,0.0
flux,AACPS6,0.0
flux,AACPS7,0.007905227097618563
flux,G3PGabcpp,0.0
flux,G3PIabcpp,0.0
flux,G3PSabcpp,0.0
flux,QMO2,0.00023139529359039133
flux,QMO3,0.0
flux,LPLIPAL2E141,0.0
flux,LPLIPAL2E161,0.0
flux,LPLIPAL2E181,0.0
flux,LPLIPAL2G180,0.0
flux,LPLIPAL2G141,0.0
flux,2AGPA120tipp,0.0
flux,2AGPG180tipp,0.0
flux,IPDDI,-0.00021443172290132537
flux,2AGPGAT180,0.0
flux,2AGPGAT181,0.0
flux,LPLIPAL2ATG120,0.0
flux,PLIPA1E140pp,0.0
flux,PLIPA1E160pp,0.0
flux,PLIPA1E161pp,0.0
flux,AACPS8,0.0
flux,AACPS9,0.0
flux,HXCT,0.0
flux,2AGPEAT160,0.0
flux,DURADx,0.0
flux,ECOAH7,0.028244446775486057
flux,G1PPpp,0.0
flux,GALCTND,0.0
flux,GCALDD,0.0
flux,HISTP,0.009623321915786742
flux,LDH_D,-3.5128685307828627
flux,AMALT4,0.0
flux,NTD11,0.0
flux,ORNDC,0.0
flux,UPP3MT,2.2651953674559767e-05
flux,KAS15,0.0
flux,ALAALAtex,0.0
flux,FACOAL181t2pp,0.0
flux,T2DECAI,0.0
flux,3OAS161,0.0
flux,EAR141y,0.0
flux,EAR161x,0.0
flux,DASYN160,0.006482115568557655
flux,DASYN161,0.007640107819185374
flux,DASYN181,0.0
flux,CDAPPA161,0.0
flux,PGSA180,0.0
flux,PSSA140,0.0
flux,2AGPGAT141,0.0
flux,FACOAE180,0.0
flux,FACOAE100,0.0
flux,FACOAE80,0.0
flux,FACOAE60,0.0
flux,PLIPA1E120pp,0.0
flux,MALtex,0.0
flux,NO3tex,0.0
flux,3OAS141,0.0
flux,3OAR121,0.0
flux,CFAS160G,0.0
flux,URAt2pp,0.0
flux,FACOAE141,0.0
flux,FACOAE161,0.015280215638370748
flux,TTDCEAtexi,0.0
flux,HDCEAtexi,0.0
flux,ALAALAD,0.0
flux,2AGPEAT180,0.0
flux,2AGPEAT181,0.0
flux,2AGPGAT140,0.0
flux,PLIPA1E181pp,0.0
flux,PLIPA1G180pp,0.0
flux,PLIPA1G181pp,0.0
flux,ALAALAabcpp,0.0
flux,HEXt2rpp,0.0
flux,G3PEabcpp,0.0
flux,G3PCabcpp,0.0
flux,2AGPGAT161,0.0
flux,AMPTASEPG,0.0
flux,PROGLYabcpp,0.0
flux,GTHRDabcpp,0.0
flux,2AGPG140tipp,0.0
flux,2AGPG160tipp,0.0
flux,2AGPG141tipp,0.0
flux,2AGPG161tipp,0.0
flux,2AGPG181tipp,0.0
flux,2AGPEAT140,0.0
flux,2AGPEAT120,0.0
flux,2AGPEAT161,0.0
flux,2AGPEAT141,0.0
flux,2AGPGAT160,0.0
flux,LPLIPAL2ATG140,0.0
flux,LPLIPAL2ATG141,0.0
flux,LPLIPAL2ATG160,0.0
flux,LPLIPAL2ATG180,0.0
flux,LPLIPAL2ATG161,0.0
flux,LPLIPAL2ATG181,0.0
flux,CLPNS180pp,0.0
flux,CLPNS181pp,0.0
flux,PG161abcpp,0.0
flux,PGP120abcpp,0.0
flux,PGP161abcpp,0.0
flux,PGP181abcpp,0.0
flux,PA120abcpp,0.0
flux,PLIPA1G120pp,0.0
flux,CLPNS120pp,0.0
flux,ALPATE160pp,0.0
flux,ALPATG160pp,0.0
flux,2AGPGAT120,0.0
flux,LPLIPAL2ATE120,0.0
flux,LPLIPAL2ATE140,0.0
flux,LPLIPAL2ATE160,0.0
flux,LPLIPAL2ATE180,0.0
flux,LPLIPAL2ATE141,0.0
flux,LPLIPAL2ATE161,0.0
flux,LPLIPAL2ATE181,0.0
flux,FACOAL141t2pp,0.0
flux,FACOAL161t2pp,0.0
flux,PA160abcpp,0.0
flux,PA181abcpp,0.0
flux,12DGR141tipp,0.0
flux,PGPP140pp,0.0
flux,PGPP141pp,0.0
flux,PGPP160pp,0.0
flux,PGPP180pp,0.0
flux,CLPNH141pp,0.0
flux,CLPNH160pp,0.0
flux,CLPNH161pp,0.0
flux,CLPNH181pp,0.0
flux,PLIPA1E180pp,0.0
flux,PLIPA1G140pp,0.0
flux,PLIPA1G161pp,0.0
flux,CLPNS160pp,0.0
flux,CLPNS161pp,0.0
flux,PG160abcpp,0.0
flux,PGP140abcpp,0.0
flux,PAPA120pp,0.0
flux,PAPA140pp,0.0
flux,PAPA141pp,0.0
flux,PAPA160pp,0.0
flux,PAPA161pp,0.0
flux,PAPA180pp,0.0
flux,HPYRI,0.0
flux,FE3HOXUtex,0.0
flux,TPRDCOAS,0.0
flux,ACGAM1PPpp,0.0
flux,EX_dgmp_e,0.0
flux,GAMptspp,0.0
flux,GSNt2pp,0.0
flux,EX_4hoxpacd_e,0.0
flux,GSNtex,0.0
flux,FORtex,0.0
flux,D_LACt2pp,-3.5128685307828627
flux,RIBtex,0.0
flux,FLVRx,0.0
flux,THMtex,0.0
flux,XYLUtex,0.0
flux,EX_manglyc_e,0.0
flux,ALLtex,0.0
flux,GGPTRCO,0.0
flux,EX_metsox_R__L_e,0.0
flux,34dhpactex,0.0
flux,MALTHXtexi,0.0
flux,12PPDStpp,0.0
flux,HYD1pp,0.0
flux,EX_cl_e,-0.0005287148828523929
flux,FE3DHBZStonex,0.0
flux,AACTOOR,0.0
flux,H2tpp,0.0
flux,23DAPPAtex,0.0
flux,ECAP3pp,0.0
flux,FEOXAMtonex,0.0
flux,FMNRx,0.0
flux,EX_3hpppn_e,0.0
flux,EX_man6p_e,0.0
flux,EX_tsul_e,0.0
flux,PHEt2rpp,0.0
flux,DHBS,0.0
flux,EX_n2o_e,0.0
flux,MDDCP1pp,0.0
flux,GUI2,0.0
flux,OMBZLM,0.0
flux,EX_maltttr_e,0.0
flux,GLYCK,0.0
flux,MLTG5,0.0
flux,GPDDA3,0.0
flux,2DOXG6PP,0.0
flux,OXAMTC,0.0
flux,UDCPPtppi,0.0
flux,AGMH,0.0
flux,MPTG,0.0014113284500194324
flux,MPTG2,0.0
flux,MCTP1App,0.0014113284500194324
flux,MCTP2App,0.0
flux,MCTP1Bpp,0.0
flux,MELIBt3ipp,0.0
flux,EX_lipoate_e,0.0
flux,EX_pydx_e,0.0
flux,EX_g1p_e,0.0
flux,GLCtex_copy2,10.0
flux,NAt3pp,0.0
flux,SFGTHi,0.0
flux,DHORDfum,9.954670224687467e-06
flux,K2L4Aabcpp,0.001976306774404641
flux,DSBCGT,0.0
flux,DSBGGT,0.0
flux,DHNAOT4,0.0
flux,AMPMS2,2.2651953674559767e-05
flux,DM_oxam_c,0.0
flux,THIORDXi,0.0
flux,PPPGO3,0.0
flux,PDX5POi,0.0
flux,PDX5PO2,2.2651953674559767e-05
flux,PLIPA1A181pp,0.0
flux,LPLIPAL2A141,0.0
flux,HG2t3pp,0.0
flux,CYTBO3_4pp,0.0
flux,EAR141x,0.0
flux,EAR181x,0.0
flux,EAR181y,0.0
flux,G3PAT141,0.0
flux,G3PAT181,0.0
flux,DASYN140,0.0
flux,DASYN180,0.0
flux,DASYN141,0.0
flux,CDAPPA160,0.0
flux,CDAPPA141,0.0
flux,PGSA141,0.0
flux,EX_alaala_e,0.0
flux,EX_dtmp_e,0.0
flux,5DOAN,2.2855110209757614e-05
flux,DM_5drib_c,2.2855110209757614e-05
flux,MINOHPtexi,0.0
flux,12PPDRtpp,0.0
flux,FACOAE120,0.007905227097618563
flux,3OAR120,0.0
flux,3HAD80,0.0
flux,3HAD120,0.0
flux,EAR180x,0.0
flux,SO4t2pp,0.025579439346760727
flux,EAR180y,0.0
flux,AGPAT120,0.0
flux,PGPP120,0.0
flux,DAGK120,0.0
flux,PSSA180,0.0
flux,PSSA161,0.007640107819185374
flux,PSSA141,0.0
flux,PSD160,0.006482115568557655
flux,PSD161,0.007640107819185374
flux,PSD180,0.0
flux,COLIPAabcpp,0.0
flux,PLIPA2A140pp,0.0
flux,PLIPA2A141pp,0.0
flux,PLIPA2A180pp,0.0
flux,GAM6Pt6_2pp,0.0
flux,PPALtex,0.0
flux,CA2tex,0.0005287148828523929
flux,CUtex,0.0
flux,CU1Opp,0.0
flux,SUCDi,0.0
flux,LPLIPAL1E141pp,0.0
flux,LALDO2x,0.0
flux,12PPDRtex,0.0
flux,LPLIPAL1E160pp,0.0
flux,LPLIPAL1E180pp,0.0
flux,LPLIPAL1E181pp,0.0
flux,LPLIPAL1G160pp,0.0
flux,LPLIPAL1G161pp,0.0
flux,LPLIPAL1G120pp,0.0
flux,PLIPA2E140pp,0.0
flux,PLIPA2E160pp,0.0
flux,PLIPA2A161pp,0.0
flux,PLIPA2A181pp,0.0
flux,F6Ptex,0.0
flux,GAMAN6Ptex,0.0
flux,ALR4x,0.0
flux,LPLIPAL1G141pp,0.0
flux,LPLIPAL1G180pp,0.0
flux,LPLIPAL1G181pp,0.0
flux,ACONIs,0.0
flux,ACONTb,0.10921614069622103
flux,GLCP2,0.0
flux,F6Pt6_2pp,0.0
flux,PPALtpp,0.0
flux,PLIPA2E141pp,0.0
flux,PLIPA2E181pp,0.0
flux,PLIPA2G140pp,0.0
flux,3HAD161,0.0
flux,PLIPA2G160pp,0.0
flux,PLIPA2G181pp,0.0
flux,ASNS1,0.0
flux,EAR80y,0.0
flux,EAR120y,0.0
flux,3OAR181,0.0
flux,3HAD121,0.0
flux,EAR121y,0.0
flux,GTHRDHpp,0.0
flux,PROGLYtex,0.0
flux,EX_progly_e,0.0
flux,MDDCP2pp,0.0
flux,MDDCP3pp,0.0
flux,EAR140x,0.0
flux,EAR40y,0.0
flux,3OAS181,0.0
flux,EAR161y,0.0
flux,G3PAT140,0.0
flux,G3PAT160,0.0
flux,G3PAT161,0.0
flux,AGPAT160,0.006482115568557655
flux,CDAPPA140,0.0
flux,MLDCP1App,0.0
flux,EAR160y,0.0
flux,EAR100y,0.0
flux,3OAR141,0.0
flux,3OAR161,0.0
flux,3HAD141,0.0
flux,EAR121x,0.0
flux,PSD140,0.0
flux,MICITDr,0.0
flux,CDAPPA181,0.0
flux,PGSA140,0.0
flux,LPLIPAL1A141pp,0.0
flux,LPLIPAL1A180pp,0.0
flux,LPLIPAL1E140pp,0.0
flux,LPLIPAL1E161pp,0.0
flux,LPLIPAL1G140pp,0.0
flux,ACONTa,0.10921614069622103
flux,MLDCP2App,0.0
flux,12DGR140tipp,0.0
flux,12DGR160tipp,0.0
flux,12DGR180tipp,0.0
flux,PGPP120pp,0.0
flux,PGPP181pp,0.0
flux,CLPNH120pp,0.0
flux,CLPNH140pp,0.0
flux,EX_12ppd__R_e,0.0
flux,PGSA181,0.0
flux,PGPP140,0.0
flux,PGPP141,0.0
flux,MDDCP5pp,0.0
flux,MLTGY3pp,0.0
flux,G3PAT180,0.0
flux,AGPAT140,0.0
flux,PGSA160,0.0
flux,MLDCP2Bpp,0.0
flux,3OAS140,0.007905227097618563
flux,3OAR140,0.007905227097618563
flux,3OAR160,0.0
flux,PGSA161,0.0
flux,3HAD181,0.0
flux,PGPP160,0.0
flux,PGPP180,0.0
flux,PGPP161,0.0
flux,PGPP181,0.0
flux,CDAPPA180,0.0
flux,NTP12,0.0
flux,PE141abcpp,0.0
flux,PE160abcpp,0.006482115568557655
flux,PE161abcpp,0.007640107819185374
flux,PSD141,0.0
flux,PG140abcpp,0.0
flux,PG141abcpp,0.0
flux,PG180abcpp,0.0
flux,PG181abcpp,0.0
flux,PGP141abcpp,0.0
flux,PGP160abcpp,0.0
flux,PGP180abcpp,0.0
flux,PAPA181pp,0.0
flux,PA140abcpp,0.0
flux,12DGR120tipp,0.0
flux,MDDCP4pp,0.0
flux,CLPNS140pp,0.0
flux,CLPNS141pp,0.0
flux,PG120abcpp,0.0
flux,PE140abcpp,0.0
flux,CFAS160E,0.0
flux,CFAS180E,0.0
flux,CFAS180G,0.0
flux,PAPA160,0.0
flux,PAPA180,0.0
flux,PAPA181,0.0
flux,PETNT161pp,0.0
flux,PSSA160,0.006482115568557655
flux,PSSA181,0.0
flux,DAGK140,0.0
flux,DAGK160,0.0
flux,DAGK141,0.0
flux,DAGK161,0.0
flux,AGPAT181,0.0
flux,MDDEP3pp,0.0
flux,MDDEP4pp,0.0
flux,MLTGY1pp,0.0
flux,CGLYtex,0.0
flux,3HAD40,0.0
flux,PLIPA1E141pp,0.0
flux,3OAS60,0.0
flux,3OAS160,0.0
flux,3OAR60,0.0
flux,3OAR80,0.0
flux,MLDCP3App,0.0
flux,MLDCP1Bpp,0.0
flux,2AGPE181tipp,0.0
flux,2AGPA140tipp,0.0
flux,2AGPA160tipp,0.0
flux,2AGPA180tipp,0.0
flux,2AGPA141tipp,0.0
flux,EX_urate_e,0.0
flux,PLIPA1G160pp,0.0
flux,PLIPA1G141pp,0.0
flux,LPLIPAL2E160,0.0
flux,LPLIPAL2G140,0.0
flux,LPLIPAL2G160,0.0
flux,2AGPE140tipp,0.0
flux,2AGPE160tipp,0.0
flux,2AGPE180tipp,0.0
flux,2AGPE141tipp,0.0
flux,2AGPE161tipp,0.0
flux,2AGPA161tipp,0.0
flux,2AGPA181tipp,0.0
flux,2AGPG120tipp,0.0
flux,LPLIPAL2G120,0.0
flux,PA141abcpp,0.0
flux,PA161abcpp,0.0
flux,PA180abcpp,0.0
flux,PGPP161pp,0.0
flux,PE120abcpp,0.0
flux,PE180abcpp,0.0
flux,PAPA140,0.0
flux,PAPA141,0.0
flux,PAPA161,0.0
flux,GTHOXtex,0.0
flux,DSBAO1,0.0
flux,DSBAO2,0.0
flux,DSBDR,0.0
flux,TDSR1,0.0
flux,CGLYabcpp,0.0
flux,PLIPA2A120pp,0.0
flux,PLIPA2A160pp,0.0
flux,CLPNH180pp,0.0
flux,LPLIPAL2E120,0.0
flux,EAR100x,0.0
flux,EAR120x,0.0
flux,EAR160x,0.0
flux,EAR140y,0.0
flux,3OAS121,0.0
flux,3OAS80,0.0
flux,3OAS100,0.0
flux,3OAS120,0.0
flux,3OAR40,0.0
flux,3OAR100,0.0
flux,3HAD60,0.0
flux,3HAD100,0.0
flux,3HAD140,0.0
flux,3HAD160,0.0
flux,AGPAT180,0.0
flux,AGPAT141,0.0
flux,AGPAT161,0.007640107819185374
flux,DASYN120,0.0
flux,EAR40x,0.0
flux,EAR60y,0.0
flux,MLDEP1pp,0.0
flux,MLDEP2pp,0.0
flux,MLTGY2pp,0.0
flux,MLTGY4pp,0.0
flux,EAR60x,0.0
flux,EAR80x,0.0
flux,PE181abcpp,0.0
flux,12DGR161tipp,0.0
flux,12DGR181tipp,0.0
flux,NTP11,0.0
flux,3OAS180,0.0
flux,3HAD180,0.0
flux,CDAPPA120,0.0
flux,PSSA120,0.0
flux,PSD120,0.0
flux,PAPA120,0.0
flux,EX_cpgn_un_e,0.0
flux,MDDEP1pp,0.0
flux,MDDEP2pp,0.0
flux,PSD181,0.0
flux,DAGK180,0.0
flux,DAGK181,0.0
flux,PLIPA2E120pp,0.0
flux,PLIPA2G141pp,0.0
flux,PLIPA2G161pp,0.0
flux,LPLIPAL1A120pp,0.0
flux,LPLIPAL1A140pp,0.0
flux,LPLIPAL1A181pp,0.0
flux,LPLIPAL1E120pp,0.0
flux,3OAR180,0.0
flux,G3PAT120,0.0
flux,PGSA120,0.0
flux,TDSR2,0.0
flux,GTHRDtex,0.0
flux,GTHRDabc2pp,0.0
flux,OMMBLHX3,0.0
flux,NADHPO,0.0
flux,ACOAD7f,-0.01296423113711531
flux,ACOAD8f,0.0
flux,ACOAD5f,-0.03614967387310462
flux,ACOAD3f,-0.03614967387310462
flux,ACOAD2f,-0.03614967387310462
flux,ACOAD4f,-0.03614967387310462
flux,ACOAD6f,-0.028244446775486057
flux,NADH16pp,0.0
flux,NADH18pp,0.0
flux,EX_tartr__D_e,0.0
flux,GLYBt2pp,0.0
flux,DSERt2pp,0.0
flux,ALAt4pp,0.0
flux,LYSt3pp,0.0
flux,EX_tungs_e,0.0
flux,CTBTCAL2,0.0
flux,BGLA1,0.0
flux,EX_crn__D_e,0.0
flux,GDPMNP,0.0
flux,OPHHX3,0.0
flux,AMMQLT8,0.0
flux,FA120ACPHi,0.0
flux,FA80ACPHi,0.0
flux,FA140ACPHi,0.0
flux,FA100ACPHi,0.0
flux,CRNDCAL2,0.0
flux,CRNCAL2,0.0
flux,CHLt2pp,0.0
flux,GLYt4pp,0.0
flux,FRULYSE,0.0
flux,FRULYSt2pp,0.0
flux,EX_psclys_e,0.0
flux,TUNGStex,0.0
flux,COBALT2tpp,2.5394566899730684e-06
flux,OXCDC,0.0
flux,LPLIPAL2A140,0.0
flux,LPLIPAL2A160,0.0
flux,LPLIPAL2A161,0.0
flux,LPLIPAL2A180,0.0
flux,LPLIPAL2A181,0.0
flux,DM_aacald_c,0.0
flux,UM3PL,0.0
flux,UM4PL,0.0
flux,2MAHMP,0.0
flux,ZN2tpp,3.463818925123265e-05
flux,NI2tpp,3.280978043445204e-05
flux,COBALT2t3pp,0.0
flux,23DAPPAt2pp,0.0
flux,PLIPA1A120pp,0.0
flux,PLIPA1A140pp,0.0
flux,PLIPA1A141pp,0.0
flux,PLIPA1A160pp,0.0
flux,PLIPA1A161pp,0.0
flux,PLIPA1A180pp,0.0
flux,LPLIPAL2A120,0.0
flux,CAt6pp,-0.0005287148828523929
flux,5DGLCNt2rpp,0.0
flux,GALCTNt2pp,0.0
flux,GALCTNLtex,0.0
flux,EX_galctn__L_e,0.0
flux,KDUI,0.0
flux,CA2t3pp,0.0
flux,NADH17pp,0.0
flux,FA161ACPHi,0.0
flux,FA141ACPHi,0.0
flux,ARGt3pp,0.0
flux,FA160ACPHi,0.0
flux,MALDtex,0.0
flux,OROTtex,0.0
flux,PPAt4pp,0.0
flux,OROTt2_2pp,0.0
flux,MALDt2_2pp,0.0
flux,5DGLCNtex,0.0
flux,EX_5dglcn_e,0.0
flux,DTARTD,0.0
flux,PLIPA2E161pp,0.0
flux,PLIPA2E180pp,0.0
flux,PLIPA2G120pp,0.0
flux,PLIPA2G180pp,0.0
flux,LPLIPAL1A161pp,0.0
flux,LPLIPAL1A160pp,0.0
flux,PSCLYSt2pp,0.0
flux,LYSt2pp,0.0
flux,GLYt2pp,0.0
flux,ALAt2pp,0.0
flux,BALAt2pp,0.0
flux,DALAt2pp,0.0014113284500194324
flux,FE2tpp,0.0
flux,MN2tpp,7.01905829108556e-05
flux,MG2tpp,0.0
flux,NI2t3pp,0.0
flux,PPAtex,0.0
flux,GALCTNLt2pp,0.0
flux,GALCTLO,0.0
flux,THYMt3pp,0.0
flux,PSCLYStex,0.0
flux,THYMtex,0.0
flux,CU2tpp,7.201899172763621e-05
flux,FE2t3pp,0.0
flux,MN2t3pp,0.0
flux,MG2t3_2pp,0.0008811914714206547
flux,CD2tpp,0.0
flux,ETHAt2pp,0.0
flux,FE3abcpp,0.0
flux,THRA,0.0
flux,XYLK2,0.0
flux,GLDBRAN2,0.0
flux,CLt3_2pp,0.00026435744142619643
flux,EX_ppal_e,0.0
flux,POR5,0.01104714449272084
flux,HACD8,0.0
flux,CTECOAI8,0.0
flux,CTECOAI6,0.0
flux,MTHTHFSs,4.550706388431738e-05
flux,SELGTHR,0.0
flux,SELGTHR3,0.0
flux,EX_slnt_e,0.0
flux,MALCOAMT,2.0315653519784546e-07
flux,OGMEACPS,2.0315653519784546e-07
flux,OGMEACPR,2.0315653519784546e-07
flux,OPMEACPS,2.0315653519784546e-07
flux,LIPAabctex,0.0
flux,DGUNC,0.0
flux,CDGUNPD,0.0
flux,LDGUNPD,0.0
flux,MPTAT,0.0
flux,MOADSUx,0.0
flux,CMtpp,0.0
flux,FUSAtpp,0.0
flux,RFAMPtex,0.0
flux,MINCYCtex,0.0
flux,MINCYCtpp,0.0
flux,DOXRBCNtex,0.0
flux,DOXRBCNtpp,0.0
flux,ETOHtrpp,0.0
flux,REPHACCOAI,0.0
flux,ACPPAT141,0.0
flux,ACPPAT161,0.007640107819185374
flux,ACPPAT180,0.0
flux,APG3PAT160,0.006482115568557655
flux,APG3PAT161,0.007640107819185374
flux,APG3PAT180,0.0
flux,ICYSDS,0.0001337785784277812
flux,I4FE4SR,2.6410349575719906e-05
flux,S2FE2ST,0.0
flux,BMOCOS,0.0
flux,BWCOS,0.0
flux,BWCOGDS1,0.0
flux,BWCOGDS2,0.0
flux,DHNPTE,0.0
flux,DHMPTR,0.0
flux,NOVBCNtpp,0.0
flux,CMtex,0.0
flux,LALALGLUtex,0.0
flux,LALADGLUtpp,0.0
flux,I2FE2SS,2.9051384533291897e-05
flux,I2FE2ST,2.8441914927698363e-06
flux,I2FE2SS2,2.6410349575719906e-05
flux,I4FE4ST,2.6410349575719906e-05
flux,S4FE4ST,0.0
flux,S2FE2SS2,0.0
flux,BTS5,2.0315653519784546e-07
flux,5MTRtex,0.0
flux,LALADGLUtex,0.0
flux,LALALGLUtpp,0.0
flux,3AMACHYD,0.0
flux,3HPPtex,0.0
flux,EX_LalaDglu_e,0.0
flux,CCGS,0.0
flux,CDGR,0.0
flux,CBMD,0.0
flux,MSAR,0.0
flux,EX_LalaLglu_e,0.0
flux,ACPPAT120,0.0
flux,CPH4S,0.0
flux,SHCHCS3,0.0
flux,EX_ttrcyc_e,0.0
flux,EX_mincyc_e,0.0
flux,DM_4crsol_c,2.2651953674559767e-05
flux,URACPAH,0.0
flux,POAACR,0.0
flux,ACPPAT160,0.006482115568557655
flux,ACPPAT181,0.0
flux,APH141,0.0
flux,APH161,0.0
flux,APH180,0.0
flux,APH181,0.0
flux,GTHPi,0.0
flux,SEPHCHCS,0.0
flux,DHNCOAS,0.0
flux,DHNCOAT,0.0
flux,FESD1s,0.00039656155670619435
flux,EX_doxrbcn_e,0.0
flux,EX_fusa_e,0.0
flux,EX_cm_e,0.0
flux,EX_novbcn_e,0.0
flux,I2FE2SR,2.0315653519784546e-07
flux,TYRL,2.2651953674559767e-05
flux,THZPSN3,2.2651953674559767e-05
flux,APG3PAT120,0.0
flux,APH120,0.0
flux,MOCDS,0.0
flux,FUSAtex,0.0
flux,NOVBCNtex,0.0
flux,EX_rfamp_e,0.0
flux,QUIN2tex,0.0
flux,EX_quin_e,0.0
flux,FORCT,0.0
flux,DHPTDCs2,4.550706388431738e-05
flux,EX_3hpp_e,0.0
flux,PACCOAE,0.0
flux,OXDHCOAT,0.0
flux,HADPCOADH3,0.0
flux,O16A4COLIPAabctex,0.0
flux,COLIPAabctex,0.0
flux,ENLIPAabctex,0.0
flux,DM_mththf_c,4.550706388431738e-05
flux,PYROX,0.0
flux,BMOGDS1,0.0
flux,MPTS,0.0
flux,MOCOS,0.0
flux,BMOGDS2,0.0
flux,FESD2s,0.0
flux,S2FE2SR,0.0
flux,ACACT8r,0.0
flux,CTECOAI7,-0.015280215638370748
flux,CLIPAabctex,0.0
flux,K2L4Aabctex,0.001976306774404641
flux,FDH4pp,0.0
flux,FDH5pp,0.0
flux,ACPPAT140,0.0
flux,APG3PAT140,0.0
flux,APG3PAT141,0.0
flux,APG3PAT181,0.0
flux,APH140,0.0
flux,APH160,0.0
flux,OPMEACPD,2.0315653519784546e-07
flux,EPMEACPR,2.0315653519784546e-07
flux,AOXSr2,2.0315653519784546e-07
flux,MEOHtrpp,-2.0315653519784546e-07
flux,SCYSDS,0.0
flux,S2FE2SS,0.0
flux,S4FE4SR,0.0
flux,SELtex,0.0
flux,SELR,0.0
flux,OGMEACPD,2.0315653519784546e-07
flux,EGMEACPR,2.0315653519784546e-07
flux,OPMEACPR,2.0315653519784546e-07
flux,PMEACPE,2.0315653519784546e-07
flux,MEOHtex,-2.0315653519784546e-07
flux,EX_5mtr_e,0.0
flux,MECDPDH5,0.00024267048129382584
flux,RNTR1c2,0.005315793899986824
flux,RNTR2c2,0.0027443400557200953
flux,RNTR3c2,0.0027443400557200953
flux,RNTR4c2,0.0
flux,FLDR2,0.0
flux,CDGS,0.0
flux,5MTRtpp,0.0
flux,TTRCYCtex,0.0
flux,TTRCYCtpp,0.0
flux,FESR,0.0007931231134123887
flux,OXCOAHDH,0.0
flux,DHACOAH,0.0
flux,THFAT,0.0
flux,FOMETRi,0.0
flux,SLNTtex,0.0
flux,SELGTHR2,0.0
flux,GDPTPDP,0.0
flux,COLIPAKpp,0.0
flux,3HPPtpp,0.0
flux,MPTSS,0.0
flux,CPMPS,0.0
flux,LIPOCT,0.0
flux,LIPOS,0.0
flux,OCTNLL,0.0
flux,LIPATPT,0.0
flux,LIPAMPL,0.0
flux,ALDD19xr,0.0
flux,MMM,0.0
flux,MOGDS,0.0
flux,WCOS,0.0
flux,RFAMPtpp,0.0
flux,VPAMTr,0.0
flux,ACOLIPAabctex,0.0
flux,ECA4COLIPAabctex,0.0
flux,COLIPAPabctex,0.0
flux,CH4tex,0.0
flux,TARTRDtex,0.0
flux,3OXCOAT,0.0
flux,BTNt2ipp,0.0
flux,BTNtex,0.0
flux,2DGULRGx,0.0
flux,2DGULRGy,0.0
flux,AP4AS,0.0
flux,ARBTptspp,0.0
flux,ARBTtex,0.0
flux,EX_arbt_e,0.0
flux,DMSOtpp,0.0
flux,PYDXtex,0.0
flux,PYDXtpp,0.0
flux,SUCASPtpp,0.0
flux,SUCMALtpp,0.0
flux,PYDXNtex,0.0
flux,PYDXNtpp,0.0
flux,PYDAMtex,0.0
flux,PYDAMtpp,0.0
flux,13PPDH2,0.0
flux,TARTt2_3pp,0.0
flux,SUCTARTtpp,0.0
flux,APCS,0.0
flux,CHTBSptspp,0.0
flux,CHTBStex,0.0
flux,TRPtipp,0.0
flux,TYRtipp,0.0
flux,ThDPAT,0.0
flux,GHBDHx,0.0
flux,APPLDHr,0.0
flux,SPMDt3pp,0.0
flux,PHEtipp,0.0
flux,G2PP,0.0
flux,MALt3pp,0.0
flux,CITt3pp,0.0
flux,DHNPA2r,6.795586102368243e-05
flux,QUIN2tpp,0.0
flux,GLYC2Pabcpp,0.0
flux,CRNDtex,0.0
flux,SHGO,0.0
flux,NADHXD,0.0
flux,NADPHHR,0.0
flux,NADPHHS,0.0
flux,NADHHS,0.0
flux,NADHXE,0.0
flux,SELabcpp,0.0
flux,PYK2,9.231126434383615
flux,PYK3,0.04799179875945963
flux,PYK4,0.0
flux,NADPHXD,0.0
flux,NADHHR,0.0
flux,NADPHXE,0.0
flux,ALAtpp,0.0
flux,DHBSZ3FEabcpp,0.0
flux,FE3DHBZS3R,0.0
flux,DXYLONtpp,0.0
flux,DXYLTD,0.0
flux,2DDARAA,0.0
flux,2DGLCptspp,0.0
flux,GNP,0.0
flux,ALLTAMH2,0.0
flux,UGCIAMH,0.0
flux,METGLCUR,0.0
flux,ACOAD1fr,0.03614967387310462
flux,23DOGULNt4pp,0.0
flux,FE3DCITexs,0.0
flux,FEENTERES,0.0
flux,FEENTERR4,0.0
flux,DXYLONtex,0.0
flux,PSURItex,0.0
flux,ALR2x,0.0
flux,OMPHHXy,0.0
flux,CHLt3pp,0.0
flux,GLYBt3pp,0.0
flux,AI2tpp,0.0
flux,Ftpp,0.0
flux,SQVOSI,0.0
flux,6D6SPA,0.0
flux,DHPStr,0.0
flux,SQtr,0.0
flux,DHPStex,0.0
flux,FMNtex,0.0
flux,EX_dxylnt_e,0.0
flux,AI2K,0.0
flux,CLBtex,0.0
flux,ACOXT,0.0
flux,EX_mththf_e,0.0
flux,2HESR,0.0
flux,CHOLID,0.0
flux,CHOLATEtpp,0.0
flux,4ABZGLUH,0.0
flux,4ABZGLUtr,0.0
flux,PHDA,0.0
flux,TEO2M,0.0
flux,PACOAT,0.0
flux,CYSItpp,0.0
flux,DHPTDNR,0.0
flux,DHPTDNRN,0.0
flux,PCNO,0.0
flux,HPACOAT,0.0
flux,PUACGAMtr,0.0
flux,DC6PDA,0.0
flux,5DGLCNR,0.0
flux,PIt2rpp,0.09798300639551327
flux,LEUt2rpp,0.0
flux,LCTStpp,0.0
flux,ILEt3pp,0.0
flux,METt3pp,0.0
flux,GSNt3pp,0.0
flux,CLtipp,0.0
flux,5DKGR,0.0
flux,PItpp,0.0
flux,LEUt3pp,0.0
flux,INSt3pp,0.0
flux,INDOLEt2rpp,0.0
flux,ILEt2rpp,0.0
flux,GLYtpp,0.011012811038254565
flux,PYK6,0.0
flux,FADt,0.0
flux,FADtex,0.0
flux,AI2abcpp,0.0
flux,PAI2I,0.0
flux,4HBZt3pp,0.0
flux,CURR,0.0
flux,LKDRA,0.0
flux,METNA,0.0
flux,XYHDL,0.0
flux,2DGLCtex,0.0
flux,E4PP,0.0
flux,PUACGAMS,0.0
flux,RU5PP,0.0
flux,6D6SFK,0.0
flux,3SLAR,0.0
flux,SQtex,0.0
flux,EX_dhps_e,0.0
flux,MOX,0.00016516626311580303
flux,URATEtex,0.0
flux,EX_cs1_e,0.0
flux,CBL1tonex,0.0
flux,CBItonex,0.0
flux,ARHGDx,0.0
flux,CPL,0.0
flux,EX_mepn_e,0.0
flux,CH4t2pp,0.0
flux,INOSTO,0.0
flux,HPYRP,0.0
flux,PSURIK,0.0
flux,Ftex,0.0
flux,CYSItex,0.0
flux,SERtpp,0.0
flux,QUINDHyi,0.0
flux,DHGLYH,0.0
flux,PNSPA,0.0
flux,4HTHRK,6.795586102368243e-05
flux,EX_sq_e,0.0
flux,URATEtpp,0.0
flux,CS1tex,0.0
flux,ADOCBLtonex,0.0
flux,PETNT181pp,0.0
flux,ARMEPNS,0.0
flux,RPNTPH,0.0
flux,PRCPD,0.0
flux,MEPNtex,0.0
flux,UDPGPT,0.0
flux,MEPNabcpp,0.0
flux,OMMBLHXy,0.0
flux,OPHHXy,2.2651953674559767e-05
flux,PROD3,0.0
flux,F1PP,0.0
flux,ACP1p,0.0
flux,EX_4abzglu_e,0.0
flux,3HPADHi,0.0
flux,4ABZGLUtex,0.0
flux,2HPTCOAT,0.0
flux,EX_metglcur_e,0.0
flux,MC6PH,0.0
flux,SLNTabcpp,0.0
flux,VALt2rpp,0.0
flux,VALt3pp,0.0
flux,MN2tipp,0.0
flux,PSURItpp,0.0
flux,CYSTA,0.0
flux,FE3DCITR5,0.0
flux,4HTHRA,-6.795586102368243e-05
flux,GAPP,0.0
flux,METGLCURt2pp,0.0
flux,METGLCURtex,0.0
flux,FMNt,0.0
flux,AI2tex,0.0
flux,PAI2T,0.0
flux,CUt2pp,0.0
flux,DHCURR,0.0
flux,RHMND,0.0
flux,3HBZCT,0.0
flux,CXSAMS,0.0
flux,EX_2dglc_e,0.0
flux,THRt2rpp,0.0
flux,SERt2rpp,0.0
flux,ACOAD1f,0.0
flux,AMPNTAT,0.0
flux,SQGH,0.0
flux,URAtpp,0.0
flux,ASPtpp,0.0
flux,FUMt1pp,0.0
flux,SUCCt1pp,0.0
flux,QUINDH,0.0
flux,LCARSyi,0.0
flux,BIOMASS_Ec_iML1515_core_75p37M,0.10157826759892273
flux,BIOMASS_Ec_iML1515_WT_75p37M,0.0
enzyme,b2551,4.744277625428415e-06
enzyme,b0870,0.0
enzyme,b3368,8.063181832657756e-09
enzyme,b2436,2.91032984526763e-09
enzyme,b3500,0.0
enzyme,b0945,8.204886923487859e-06
enzyme,b4467,0.0
enzyme,b4468,0.0
enzyme,b2979,0.0
enzyme,b3916,0.0
enzyme,b1260,0.0
enzyme,b1261,0.0
enzyme,b3426,0.0
enzyme,b2242,0.0
enzyme,b2243,0.0
enzyme,b2241,0.0
enzyme,b4054,0.0
enzyme,b3770,1.4994536107155993e-06
enzyme,b3281,2.1927400608596528e-08
enzyme,b1692,5.951857007848724e-06
enzyme,b0243,1.9827770327244484e-07
enzyme,b1613,0.0
enzyme,b0414,1.1740905628709336e-09
enzyme,b3041,1.5462657873884017e-09
enzyme,b0025,3.2236456808979355e-09
enzyme,b0844,0.0
enzyme,b0446,0.0
enzyme,b3812,1.8879997997717495e-09
enzyme,b1662,3.307880835328235e-08
enzyme,b0421,9.09372584444521e-09
enzyme,b3804,2.8111242147334877e-09
enzyme,b3997,2.5825097064682065e-09
enzyme,b4382,0.0
enzyme,b0126,9.895746831775249e-08
enzyme,b0339,3.883071182784313e-05
enzyme,b4006,3.891673972313644e-06
enzyme,b2508,2.2273976327298776e-06
enzyme,b3846,2.5213385174476545e-06
enzyme,b2341,2.4511056722424585e-06
enzyme,b2400,4.795114395314237e-08
enzyme,b3993,9.613538450401262e-10
enzyme,b2066,0.0
enzyme,b0238,0.0
enzyme,b0125,0.0
enzyme,b0474,1.180507524024477e-07
enzyme,b2518,2.4887055699354845e-07
enzyme,b1062,0.0
enzyme,b1281,1.97653513428127e-06
enzyme,b0720,8.310927005270619e-07
enzyme,b1136,2.848247836611924e-07
enzyme,b1241,0.0
enzyme,b0351,0.0
enzyme,b4069,0.0
enzyme,b2502,7.95623531623059e-07
enzyme,b4226,4.462149124057936e-07
enzyme,b2744,2.6576701480917703e-05
enzyme,b3403,0.0
enzyme,b1479,0.0
enzyme,b1190,2.709852504462019e-07
enzyme,b4053,2.555655656315223e-07
enzyme,b2379,0.0
enzyme,b2290,0.0
enzyme,b3564,0.0
enzyme,b0063,0.0
enzyme,b3752,0.0
enzyme,b3926,0.0
enzyme,b4383,0.0
enzyme,b0928,0.0
enzyme,b2930,0.0
enzyme,b4232,0.0
enzyme,b3697,0.0
enzyme,b3925,0.0
enzyme,b3430,0.0
enzyme,b1854,2.8889349860146405e-05
enzyme,b1676,0.0
enzyme,b2708,9.226177344089167e-08
enzyme,b3197,1.014588133015252e-07
enzyme,b0071,0.0
enzyme,b0072,0.0
enzyme,b0077,3.58322125576663e-06
enzyme,b0078,1.5087972887445224e-06
enzyme,b3671,3.4322078637140566e-06
enzyme,b3670,3.278545284938578e-06
enzyme,b0908,0.0001846206736612805
enzyme,b1263,5.8844424624754e-07
enzyme,b1264,3.356018941752893e-07
enzyme,b2599,1.1945812436183779e-06
enzyme,b2600,1.2648916870686757e-06
enzyme,b2329,1.454644063446741e-07
enzyme,b1262,1.603643191529166e-06
enzyme,b2779,7.384084009133867e-06
enzyme,b2925,0.0
enzyme,b2097,0.0
enzyme,b0963,0.0
enzyme,b1702,0.0
enzyme,b4025,1.8678706795295725e-05
enzyme,b2926,0.0
enzyme,b1850,0.0
enzyme,b0767,2.1393488704445636e-06
enzyme,b3386,0.0
enzyme,b2464,0.0
enzyme,b0008,0.0
enzyme,b2465,0.0
enzyme,b2935,0.0
enzyme,b0678,0.0
enzyme,b1478,0.0
enzyme,b4269,0.0
enzyme,b0493,0.0
enzyme,b3588,0.0
enzyme,b3003,0.0
enzyme,b3011,0.0
enzyme,b3903,0.0
enzyme,b2411,0.0
enzyme,b3996,0.0
enzyme,b4390,0.0
enzyme,b0639,4.555425121767161e-09
enzyme,b2103,1.1409355983597825e-08
enzyme,b2418,0.0
enzyme,b3831,8.870437891770568e-08
enzyme,b4384,2.044515848505906e-07
enzyme,b3073,0.0
enzyme,b3708,0.0
enzyme,b3008,1.5568799666021388e-06
enzyme,b3614,0.0
enzyme,b1134,0.0
enzyme,b3642,0.0
enzyme,b0415,1.575120356800973e-07
enzyme,b3771,7.338145625057125e-07
enzyme,b2293,0.0
enzyme,b3885,0.0
enzyme,b2579,0.0
enzyme,b3114,0.0
enzyme,b3952,0.0
enzyme,b0902,0.0
enzyme,b0903,0.0
enzyme,b3951,0.0
enzyme,b4152,0.0
enzyme,b4153,0.0
enzyme,b4154,0.0
enzyme,b4151,0.0
enzyme,b0871,0.0
enzyme,b2297,0.0007879115033298231
enzyme,b2458,5.478810599362797e-05
enzyme,b3115,0.0
enzyme,b1849,6.957698303499092e-09
enzyme,b2296,0.0
enzyme,b3633,1.8778023829099335e-07
enzyme,b0174,7.044080177685215e-10
enzyme,b0524,5.290380918001217e-07
enzyme,b0182,5.398983424971329e-07
enzyme,b0915,9.874973957816874e-08
enzyme,b2781,0.0
enzyme,b0099,1.390236766384082e-09
enzyme,b0160,0.0
enzyme,b0073,2.4073228074007854e-07
enzyme,b1800,1.5886571997245577e-06
enzyme,b0523,0.0
enzyme,b1131,2.009498006096512e-06
enzyme,b2407,0.0
enzyme,b2235,0.0
enzyme,b3781,2.0204892321344583e-06
enzyme,b2582,1.292750267152503e-06
enzyme,b2234,0.0
enzyme,b2827,8.818989826806999e-07
enzyme,b1238,8.70687678734507e-08
enzyme,b3639,4.018114800817809e-09
enzyme,b1232,0.0
enzyme,b1851,0.0
enzyme,b1693,4.873605921101589e-07
enzyme,b4146,0.0
enzyme,b1004,0.0
enzyme,b3713,0.0
enzyme,b1109,0.0
enzyme,b0046,0.0
enzyme,b3236,0.0
enzyme,b1612,4.105173169840366e-06
enzyme,b1611,8.345126964032483e-07
enzyme,b4122,3.871967282055728e-06
enzyme,b1638,0.0
enzyme,b0907,9.016873303235497e-06
enzyme,b1210,5.372820027967913e-09
enzyme,b3429,0.0
enzyme,b3428,0.0
enzyme,b3417,0.0
enzyme,b0428,0.0
enzyme,b0120,0.0
enzyme,b2937,0.0
enzyme,b4117,0.0
enzyme,b3172,1.1102077306262208e-06
enzyme,b3958,0.0
enzyme,b0121,0.0
enzyme,b0154,7.84581621275561e-08
enzyme,b0918,2.07094900618192e-06
enzyme,b4322,0.0
enzyme,b3091,0.0
enzyme,b3092,0.0
enzyme,b3176,0.0
enzyme,b3730,2.0278542635779228e-07
enzyme,b3189,3.6102760260077043e-07
enzyme,b3967,0.0
enzyme,b3786,0.0
enzyme,b2323,1.1465612917365265e-06
enzyme,b2232,0.0
enzyme,b0593,0.0
enzyme,b0142,3.141316292661852e-09
enzyme,b3634,9.351478179972089e-07
enzyme,b0394,0.0
enzyme,b0173,6.508929859038814e-09
enzyme,b3843,6.910794550935599e-10
enzyme,b0477,0.0
enzyme,b1302,0.0
enzyme,b2662,0.0
enzyme,b1525,0.0
enzyme,b4139,0.0
enzyme,b2797,0.0
enzyme,b3117,9.607140451989682e-07
enzyme,b1814,0.0
enzyme,b4471,0.0
enzyme,b3616,0.0
enzyme,b3589,0.0
enzyme,b3774,1.346053708542542e-06
enzyme,b2316,2.7951557453388724e-07
enzyme,b3255,2.7951557453388724e-07
enzyme,b0185,2.7951557453388724e-07
enzyme,b3256,4.8260622595723264e-06
enzyme,b2615,2.69391883833414e-09
enzyme,b2265,0.0
enzyme,b2261,0.0
enzyme,b0596,0.0
enzyme,b0595,0.0
enzyme,b3583,0.0
enzyme,b0061,0.0
enzyme,b4198,0.0
enzyme,b4374,2.645901887163763e-07
enzyme,b0675,7.0125255951093424e-09
enzyme,b2361,1.7615897692288605e-07
enzyme,b2291,6.784193528373689e-07
enzyme,b1651,0.0
enzyme,b0766,0.0
enzyme,b3826,0.0
enzyme,b0758,0.0
enzyme,b0420,8.385061535072219e-08
enzyme,b1208,5.147350598372796e-08
enzyme,b2746,1.9531755058298605e-08
enzyme,b3526,0.0
enzyme,b3565,0.0
enzyme,b2048,0.0
enzyme,b4015,0.0
enzyme,b2904,0.0
enzyme,b0116,0.00015037393723945294
enzyme,b2905,0.0
enzyme,b2903,0.0
enzyme,b0261,0.0
enzyme,b0759,0.0
enzyme,b0344,0.0
enzyme,b4239,0.0
enzyme,b3956,9.62766561706456e-08
enzyme,b0822,0.0
enzyme,b2540,0.0
enzyme,b2538,0.0
enzyme,b2539,0.0
enzyme,b2542,0.0
enzyme,b2541,0.0
enzyme,b0616,0.0
enzyme,b0617,0.0
enzyme,b0614,0.0
enzyme,b0615,0.0
enzyme,b2052,0.0
enzyme,b1636,0.0
enzyme,b1277,3.7097037893205533e-09
enzyme,b2752,2.7839147884354817e-06
enzyme,b2751,2.1212078240237065e-06
enzyme,b2799,0.0
enzyme,b3902,0.0
enzyme,b2705,0.0
enzyme,b2091,0.0
enzyme,b3137,0.0
enzyme,b2096,0.0
enzyme,b3132,0.0
enzyme,b2095,0.0
enzyme,b4323,0.0
enzyme,b1521,0.0
enzyme,b3385,0.0
enzyme,b0507,0.0
enzyme,b3061,0.0
enzyme,b3062,0.0
enzyme,b3126,0.0
enzyme,b1095,1.621399372019024e-06
enzyme,b1054,0.0
enzyme,b1855,0.0
enzyme,b2378,0.0
enzyme,b0109,2.9203907417759738e-08
enzyme,b1094,2.680196934317303e-05
enzyme,b2836,8.639707976525622e-06
enzyme,b2472,1.057194424026214e-06
enzyme,b1590,0.0
enzyme,b0894,0.0
enzyme,b1588,0.0
enzyme,b1587,0.0
enzyme,b0896,0.0
enzyme,b1589,0.0
enzyme,b0895,0.0
enzyme,b3553,0.0
enzyme,b0638,0.0
enzyme,b3399,0.0
enzyme,b0469,0.0
enzyme,b3187,3.2608251134526677e-09
enzyme,b3222,0.0
enzyme,b3225,0.0
enzyme,b3942,0.0
enzyme,b1732,0.0
enzyme,b0586,0.0
enzyme,b3794,0.0
enzyme,b3693,0.0
enzyme,b2901,0.0
enzyme,b2716,0.0
enzyme,b3721,0.0
enzyme,b3416,0.0
enzyme,b1398,0.0
enzyme,b0049,0.0
enzyme,b3784,0.0
enzyme,b4481,0.0
enzyme,b3052,0.0
enzyme,b1896,0.0
enzyme,b0841,1.495079773464608e-07
enzyme,b1278,5.703424174922272e-09
enzyme,b3057,6.861697319952333e-08
enzyme,b3519,0.0
enzyme,b0910,2.1105746490704943e-06
enzyme,b3648,8.712312179625292e-08
enzyme,b2221,0.0
enzyme,b2222,0.0
enzyme,b1694,0.0
enzyme,b2039,0.0
enzyme,b3789,0.0
enzyme,b2041,0.0
enzyme,b3788,0.0
enzyme,b2036,0.0
enzyme,b2038,0.0
enzyme,b2040,0.0
enzyme,b0512,0.0
enzyme,b3972,7.634822519970329e-07
enzyme,s0001,0.0
enzyme,b3617,0.0
enzyme,b0030,0.0
enzyme,b0200,0.0
enzyme,b0222,0.0
enzyme,b0038,0.0
enzyme,b0036,0.0
enzyme,b3844,6.70101745485679e-06
enzyme,b2784,0.0
enzyme,b2431,0.0
enzyme,b1019,1.8016865899787964e-09
enzyme,b0475,0.0
enzyme,b4040,9.26799527642847e-10
enzyme,b3974,1.5571786230753043e-08
enzyme,b0103,1.328865594265263e-08
enzyme,b2104,0.0
enzyme,b1215,1.1710947125117955e-06
enzyme,b3198,5.472697708798032e-07
enzyme,b1747,0.0
enzyme,b1744,0.0
enzyme,b0340,0.0
enzyme,b2988,0.0
enzyme,b2883,0.0
enzyme,b1098,2.6697436644653843e-07
enzyme,b0888,6.708504641948251e-07
enzyme,b0688,0.0
enzyme,b1317,0.0
enzyme,b2690,0.0
enzyme,b2168,0.0
enzyme,b2687,7.366011581993838e-09
enzyme,b4196,0.0
enzyme,b3581,0.0
enzyme,b3582,0.0
enzyme,b4197,0.0
enzyme,b3575,0.0
enzyme,b0312,0.0
enzyme,b0403,0.0
enzyme,b0207,0.0
enzyme,b3012,0.0
enzyme,b3962,0.0
enzyme,b0937,0.0
enzyme,b2763,2.72633142646022e-07
enzyme,b2764,1.0961889553536996e-06
enzyme,b2563,0.0
enzyme,b3475,0.0
enzyme,b2507,1.6870676984387076e-06
enzyme,b1982,0.0
enzyme,b1812,2.200020666894608e-08
enzyme,b3360,3.937649654237135e-09
enzyme,b1096,1.4776421769653625e-08
enzyme,b4039,1.756390600155925e-08
enzyme,b1200,1.7324987918352263e-06
enzyme,b2415,7.157517932058391e-07
enzyme,b1199,6.139797671611872e-07
enzyme,b2416,6.139797671611872e-07
enzyme,b1198,9.726166629479426e-07
enzyme,b0171,7.753217953525984e-07
enzyme,b4477,0.0
enzyme,b2498,0.0
enzyme,b2780,6.321635586509237e-07
enzyme,b0087,5.00704997304816e-08
enzyme,b0090,6.596958472429196e-08
enzyme,b3946,4.984625988936007e-05
enzyme,b0825,4.442856776474022e-05
enzyme,b3619,0.0
enzyme,b4267,0.0
enzyme,b1033,0.0
enzyme,b3957,1.4501911239372496e-06
enzyme,b1623,0.0
enzyme,b3665,0.0
enzyme,b4177,1.6144645028344302e-05
enzyme,b0677,0.0
enzyme,b1767,0.0
enzyme,b0828,0.0
enzyme,b3744,1.006975677041918e-06
enzyme,b0674,1.214071864380546e-06
enzyme,b4244,1.1534489449172025e-07
enzyme,b4245,3.8226603489037563e-07
enzyme,b0029,4.032618928503533e-09
enzyme,b1092,5.65165131634824e-06
enzyme,b3809,1.3764072143473146e-07
enzyme,b0031,2.1751186492914427e-07
enzyme,b0003,2.907126384871384e-06
enzyme,b1748,0.0
enzyme,b3359,0.0
enzyme,b0004,1.0606810928872546e-06
enzyme,b4013,7.1204197590404e-07
enzyme,b2601,1.7403938871074445e-06
enzyme,b0754,1.038497371064309e-06
enzyme,b1704,2.8886615179972526e-06
enzyme,b2700,0.0
enzyme,b1768,0.0
enzyme,b1014,0.0
enzyme,b1584,0.0
enzyme,b3790,0.0
enzyme,b4014,0.0
enzyme,b2976,0.0
enzyme,b1897,0.0
enzyme,b3034,0.0
enzyme,b3397,0.0
enzyme,b0062,0.0
enzyme,b3600,0.0
enzyme,b3608,0.0
enzyme,b4119,0.0
enzyme,b2802,0.0
enzyme,b2803,0.0
enzyme,b2800,0.0
enzyme,b2738,0.0
enzyme,b0335,0.0
enzyme,b1236,0.0
enzyme,b0179,1.2779125907259593e-06
enzyme,b0085,6.093319472718375e-08
enzyme,b0091,1.4424516548612208e-07
enzyme,b0088,8.637797202266127e-08
enzyme,b0505,0.0
enzyme,b0350,0.0
enzyme,b0352,0.0
enzyme,b0347,0.0
enzyme,b0726,0.0
enzyme,b0727,0.0
enzyme,b3945,0.0
enzyme,b0131,9.065300295391779e-09
enzyme,b0086,6.460744895318652e-08
enzyme,b0096,6.262128013901674e-07
enzyme,b0181,5.40164818539495e-07
enzyme,b2019,3.4203776858045184e-07
enzyme,b2020,4.1601117742663e-07
enzyme,b2022,7.824320208672754e-07
enzyme,b1207,0.0
enzyme,b2026,3.2486166944989358e-06
enzyme,b2024,1.2161802727538931e-06
enzyme,b3607,6.200989431427678e-06
enzyme,b2421,1.3136225331076893e-06
enzyme,b2414,1.7952175824906206e-06
enzyme,b4214,1.1004951026648534e-06
enzyme,b2762,2.0945566349120375e-06
enzyme,b4024,3.2695444770710323e-06
enzyme,b0002,2.1575188371560257e-06
enzyme,b3940,4.121793267472585e-06
enzyme,b3433,0.0
enzyme,b2838,9.621731295214152e-07
enzyme,b2942,2.0745786665775805e-08
enzyme,b4192,0.0
enzyme,b1993,0.0
enzyme,b1992,0.0
enzyme,b0417,2.504617529132855e-09
enzyme,b0348,0.0
enzyme,b0349,0.0
enzyme,b3124,0.0
enzyme,b0583,0.0
enzyme,b0732,0.0
enzyme,b0517,0.0
enzyme,b0521,2.199873421830305e-06
enzyme,b3223,0.0
enzyme,b2428,0.0
enzyme,b0651,0.0
enzyme,b2162,0.0
enzyme,b0522,2.8561007094918873e-06
enzyme,b1779,2.1420685475969103e-05
enzyme,b2388,1.663167779962088e-05
enzyme,b2029,3.6847445169699934e-07
enzyme,b0368,0.0
enzyme,b2463,0.0
enzyme,b3960,1.8399679992091869e-06
enzyme,b0033,0.0
enzyme,b0032,0.0
enzyme,b0242,1.556331789349692e-06
enzyme,b0074,5.261240450560554e-06
enzyme,b1091,0.0
enzyme,b3908,8.468518098789426e-09
enzyme,b1656,5.434575524871912e-09
enzyme,b0159,9.172986473452314e-10
enzyme,b1106,0.0
enzyme,b1759,0.0
enzyme,b2251,0.0
enzyme,b0905,0.0
enzyme,b3248,0.0
enzyme,b0386,1.095886956139865e-07
enzyme,b2521,0.0
enzyme,b2668,0.0
enzyme,b3425,0.0
enzyme,b2053,0.0
enzyme,b2920,0.0
enzyme,b2143,0.0
enzyme,b0778,0.0
enzyme,b2065,0.0
enzyme,b2478,1.7010522892977793e-07
enzyme,b0337,0.0
enzyme,b3729,4.787040601348849e-07
enzyme,b2688,0.0
enzyme,b0485,0.0
enzyme,b1524,0.0
enzyme,b2312,2.294788095262422e-06
enzyme,b0104,0.0
enzyme,b1740,1.168696544042286e-08
enzyme,b3366,0.0
enzyme,b3365,0.0
enzyme,b0273,6.444297677184216e-07
enzyme,b4254,4.994279285104241e-07
enzyme,b2500,6.912423331471936e-06
enzyme,b3449,0.0
enzyme,b0331,0.0
enzyme,b2210,5.9711481044227706e-06
enzyme,b1746,0.0
enzyme,b0052,1.7937985807612508e-09
enzyme,b2564,1.7937985807612508e-09
enzyme,b0369,3.769351819641937e-08
enzyme,b4005,1.7091781669971404e-06
enzyme,b2557,0.0
enzyme,b2440,0.0
enzyme,b2441,0.0
enzyme,b2049,0.0
enzyme,b3806,0.0
enzyme,b2533,0.0
enzyme,b0333,0.0
enzyme,b4161,0.0
enzyme,b3590,0.0
enzyme,b2918,0.0
enzyme,b2727,0.0
enzyme,b2173,0.0
enzyme,b4352,0.0
enzyme,b4173,0.0
enzyme,b1852,2.657875321537207e-07
enzyme,b0134,6.945345185976276e-09
enzyme,b2028,0.0
enzyme,b2788,0.0
enzyme,b2787,0.0
enzyme,b3791,0.0
enzyme,b3787,0.0
enzyme,b1415,0.0
enzyme,b1493,0.0
enzyme,b3517,0.0
enzyme,b3551,0.0
enzyme,b2750,2.126414491818934e-06
enzyme,b1622,6.727286488086378e-07
enzyme,b3939,5.306379036891985e-07
enzyme,b2661,0.0
enzyme,b0241,0.0
enzyme,b0929,0.0
enzyme,b1377,0.0
enzyme,b2215,2.2964747769728383e-05
enzyme,b0411,0.0
enzyme,b0957,0.0
enzyme,b1319,0.0
enzyme,b3875,0.0
enzyme,b1701,0.0
enzyme,b1805,0.0
enzyme,b1646,0.0
enzyme,b2206,0.0
enzyme,b2203,0.0
enzyme,b2204,0.0
enzyme,b2205,0.0
enzyme,b2202,0.0
enzyme,b0980,0.0
enzyme,b0383,0.0
enzyme,b1465,0.0
enzyme,b1226,0.0
enzyme,b1466,0.0
enzyme,b1224,0.0
enzyme,b1468,0.0
enzyme,b1227,0.0
enzyme,b1467,0.0
enzyme,b1225,0.0
enzyme,b1602,1.9515951595513093e-05
enzyme,b1603,2.183900649377477e-05
enzyme,b0997,0.0
enzyme,b1873,0.0
enzyme,b1872,0.0
enzyme,b0996,0.0
enzyme,b2342,9.902161838931135e-06
enzyme,b3845,4.195235012177816e-06
enzyme,b4388,8.338153297954502e-06
enzyme,b3528,0.0
enzyme,b0010,0.0
enzyme,b4138,0.0
enzyme,b4123,0.0
enzyme,b0621,0.0
enzyme,b2417,0.0
enzyme,b2429,0.0
enzyme,b2422,0.0
enzyme,b2425,0.0
enzyme,b0763,0.0
enzyme,b3917,0.0
enzyme,b0764,0.0
enzyme,b2423,0.0
enzyme,b0765,0.0
enzyme,b2424,0.0
enzyme,b3063,0.0
enzyme,b2913,8.093316490376814e-06
enzyme,b0367,0.0
enzyme,b0365,0.0
enzyme,b0366,0.0
enzyme,b2393,0.0
enzyme,b2964,0.0
enzyme,b3849,8.385572256292555e-07
enzyme,b3747,4.163128098782555e-07
enzyme,b3290,1.24483641749719e-06
enzyme,b1291,3.597904445774282e-06
enzyme,b1363,4.699768853284322e-07
enzyme,b1250,2.7158104451695594e-07
enzyme,b2587,0.0
enzyme,b4031,0.0
enzyme,b0068,0.0
enzyme,b0067,0.0
enzyme,b0066,0.0
enzyme,b2406,0.0
enzyme,b3460,0.0
enzyme,b3456,0.0
enzyme,b3455,0.0
enzyme,b3454,0.0
enzyme,b3457,0.0
enzyme,b4240,0.0
enzyme,b3161,0.0
enzyme,b0112,0.0
enzyme,b3709,0.0
enzyme,b1907,0.0
enzyme,b3566,0.0
enzyme,b3567,0.0
enzyme,b3568,0.0
enzyme,b3578,0.0
enzyme,b3579,0.0
enzyme,b3577,0.0
enzyme,b3089,0.0
enzyme,b2153,5.300745407243293e-09
enzyme,b0935,0.0
enzyme,b0153,0.0
enzyme,b0152,0.0
enzyme,b0151,0.0
enzyme,b1711,0.0
enzyme,b1709,0.0
enzyme,b0158,0.0
enzyme,b2223,0.0
enzyme,b1101,0.0
enzyme,b0679,0.0
enzyme,b1818,0.0
enzyme,b1817,0.0
enzyme,b1819,0.0
enzyme,b3224,0.0
enzyme,b0311,0.0
enzyme,b4381,0.0
enzyme,b0590,0.0
enzyme,b0588,0.0
enzyme,b0592,0.0
enzyme,b0589,0.0
enzyme,b2841,0.0
enzyme,b2308,0.0
enzyme,b2310,0.0
enzyme,b0862,0.0
enzyme,b0863,0.0
enzyme,b0864,0.0
enzyme,b0860,0.0
enzyme,b2306,0.0
enzyme,b0861,0.0
enzyme,b2307,0.0
enzyme,b4115,0.0
enzyme,b4193,0.0
enzyme,b4194,0.0
enzyme,b4195,0.0
enzyme,b1453,0.0
enzyme,b0653,0.0
enzyme,b0655,0.0
enzyme,b0654,0.0
enzyme,b0652,0.0
enzyme,b4077,0.0
enzyme,b4055,0.0
enzyme,b0480,0.0
enzyme,b2789,0.0
enzyme,b3127,0.0
enzyme,b2943,2.3126575467923834e-05
enzyme,b2663,0.0
enzyme,b1917,0.0
enzyme,b1920,0.0
enzyme,b1918,0.0
enzyme,b2703,0.0
enzyme,b2702,0.0
enzyme,b2704,0.0
enzyme,b1197,0.0
enzyme,b4515,0.0
enzyme,b0733,0.0
enzyme,b0978,1.0419418255021124e-05
enzyme,b0734,0.0
enzyme,b0979,4.004299558912404e-05
enzyme,b3739,6.745264150317727e-05
enzyme,b3731,0.00011024146650621063
enzyme,b3736,0.00015190770680493338
enzyme,b3732,0.00016520414504376027
enzyme,b3738,0.0002049157509894358
enzyme,b3733,0.00012229212659768074
enzyme,b3737,0.00011750585639078674
enzyme,b3735,0.0001119631914094485
enzyme,b3734,0.0001123761302959551
enzyme,b4067,0.0
enzyme,b3654,0.0
enzyme,b3714,0.0
enzyme,b3664,0.0
enzyme,b4088,0.0
enzyme,b4087,0.0
enzyme,b4086,0.0
enzyme,b0511,0.0
enzyme,b1900,0.0
enzyme,b4460,0.0
enzyme,b1901,0.0
enzyme,b0837,0.0
enzyme,b0124,0.0
enzyme,b4064,0.0
enzyme,b4464,0.0
enzyme,b0974,0.0
enzyme,b2997,0.0
enzyme,b0973,0.0
enzyme,b2995,0.0
enzyme,b2994,0.0
enzyme,b0972,0.0
enzyme,b2996,0.0
enzyme,b4287,0.0
enzyme,b4289,0.0
enzyme,b4288,0.0
enzyme,b4290,0.0
enzyme,b1252,0.0
enzyme,b3006,0.0
enzyme,b3005,0.0
enzyme,b1102,0.0
enzyme,b2315,5.0896205910962835e-09
enzyme,b0612,0.0
enzyme,b0040,0.0
enzyme,b2130,0.0
enzyme,b2131,0.0
enzyme,b2128,0.0
enzyme,b2129,0.0
enzyme,b3409,0.0
enzyme,b2169,0.0
enzyme,b2167,0.0
enzyme,b2801,0.0
enzyme,b0584,0.0
enzyme,b0336,0.0
enzyme,b0341,0.0
enzyme,b3909,0.0
enzyme,b4036,0.0
enzyme,b4291,0.0
enzyme,b1119,0.0
enzyme,b3829,9.630941748621766e-07
enzyme,b4019,0.0
enzyme,b0886,0.0
enzyme,b0887,0.0
enzyme,b2476,6.099215362403985e-06
enzyme,b0509,0.0
enzyme,b3125,0.0
enzyme,b2501,0.0
enzyme,b3941,1.4650259548327055e-06
enzyme,b2574,1.2819782397763209e-06
enzyme,b3177,3.181887954264071e-08
enzyme,b0529,6.828922343931357e-06
enzyme,b4132,0.0
enzyme,b0750,1.1908658097274466e-08
enzyme,b0306,0.0
enzyme,b0307,0.0
enzyme,b3605,0.0
enzyme,b0308,0.0
enzyme,b2492,0.0
enzyme,b0904,0.0
enzyme,b3631,0.0
enzyme,b0914,6.891453039009642e-07
enzyme,b1300,0.0
enzyme,b1967,0.0
enzyme,b0933,0.0
enzyme,b0934,0.0
enzyme,b0936,0.0
enzyme,b2032,0.0
enzyme,b2027,0.0
enzyme,b2035,0.0
enzyme,b3622,0.0
enzyme,b0459,0.0
enzyme,b0585,0.0
enzyme,b1326,0.0
enzyme,b1325,0.0
enzyme,b0591,0.0
enzyme,b3035,0.0
enzyme,b0692,0.0
enzyme,b2014,0.0
enzyme,b1296,0.0
enzyme,b1298,0.0
enzyme,b3374,0.0
enzyme,b1308,0.0
enzyme,b2197,0.0
enzyme,b2198,0.0
enzyme,b2201,0.0
enzyme,b2200,0.0
enzyme,b2199,0.0
enzyme,b0622,0.0
enzyme,b3785,0.0
enzyme,b3793,0.0
enzyme,b2552,0.0
enzyme,b0756,0.0
enzyme,b0484,0.0
enzyme,b3469,0.0
enzyme,b3626,0.0
enzyme,b3623,0.0
enzyme,b2257,0.0
enzyme,b2711,0.0
enzyme,b2710,0.0
enzyme,b4111,0.0
enzyme,b1386,0.0
enzyme,b4071,0.0
enzyme,b4073,0.0
enzyme,b4072,0.0
enzyme,b4070,0.0
enzyme,b3679,0.0
enzyme,b0110,0.0
enzyme,b1463,0.0
enzyme,b4219,0.0
enzyme,b1832,0.0
enzyme,b1778,0.0
enzyme,b2871,0.0
enzyme,b0932,0.0
enzyme,b2523,0.0
enzyme,b4260,0.0
enzyme,b0237,0.0
enzyme,b2132,0.0
enzyme,b2239,0.0
enzyme,b4169,0.0
enzyme,b2435,0.0
enzyme,b2817,0.0
enzyme,b0867,0.0
enzyme,b1654,0.0
enzyme,b3610,0.0
enzyme,b2675,0.0
enzyme,b2676,0.0
enzyme,b0849,0.0
enzyme,b1064,0.0
enzyme,b3336,0.0
enzyme,b0123,0.0
enzyme,b1192,0.0
enzyme,b1270,0.0
enzyme,b2180,0.0
enzyme,b2179,0.0
enzyme,b1246,0.0
enzyme,b1243,0.0
enzyme,b1244,0.0
enzyme,b1247,0.0
enzyme,b2177,0.0
enzyme,b2178,0.0
enzyme,b1329,0.0
enzyme,b1245,0.0
enzyme,b0433,0.0
enzyme,b4367,0.0
enzyme,b0574,0.0
enzyme,b0573,0.0
enzyme,b0575,0.0
enzyme,b0572,0.0
enzyme,b3915,0.0
enzyme,b0752,0.0
enzyme,b1858,0.0
enzyme,b1859,0.0
enzyme,b1857,0.0
enzyme,b1981,0.0
enzyme,b2392,9.843578778054306e-08
enzyme,b0452,2.058823360510959e-06
enzyme,b1927,0.0
enzyme,b3571,0.0
enzyme,b3650,0.0
enzyme,b2344,0.0
enzyme,b4213,0.0
enzyme,b1059,0.0
enzyme,b1727,0.0
enzyme,b3580,0.0
enzyme,b2051,0.0
enzyme,b4265,0.0
enzyme,b3266,0.0
enzyme,b3265,0.0
enzyme,b3907,0.0
enzyme,b4242,0.0
enzyme,b3479,0.0
enzyme,b3477,0.0
enzyme,b3476,0.0
enzyme,b3480,0.0
enzyme,b3478,0.0
enzyme,b4094,3.1219760303481754e-06
enzyme,b4513,0.0
enzyme,b0696,0.0
enzyme,b0698,0.0
enzyme,b0697,0.0
enzyme,b3458,0.0
enzyme,b2975,0.0
enzyme,b3603,0.0
enzyme,b4034,0.0
enzyme,b4035,0.0
enzyme,b4032,0.0
enzyme,b4033,0.0
enzyme,b3666,0.0
enzyme,b0731,0.0
enzyme,b0343,0.0
enzyme,b4120,0.0
enzyme,b0197,0.0
enzyme,b0199,0.0
enzyme,b0198,0.0
enzyme,b1297,0.0
enzyme,b2933,0.0
enzyme,b3599,0.0
enzyme,b2934,0.0
enzyme,b1186,0.0
enzyme,b0019,0.0
enzyme,b0451,2.1186798235433244e-05
enzyme,b0751,0.0
enzyme,b1223,0.0
enzyme,b3367,0.0
enzyme,b1469,0.0
enzyme,b3726,0.0
enzyme,b3728,0.0
enzyme,b3727,0.0
enzyme,b3725,0.0
enzyme,b3258,0.0
enzyme,b3371,0.0
enzyme,b2679,0.0
enzyme,b2677,0.0
enzyme,b2678,0.0
enzyme,b0402,0.0
enzyme,b1015,0.0
enzyme,b0855,0.0
enzyme,b1123,0.0
enzyme,b0856,0.0
enzyme,b1126,0.0
enzyme,b0854,0.0
enzyme,b1441,0.0
enzyme,b0857,0.0
enzyme,b1443,0.0
enzyme,b1124,0.0
enzyme,b1125,0.0
enzyme,b1440,0.0
enzyme,b1442,0.0
enzyme,b2957,0.0
enzyme,b0150,0.0
enzyme,b1865,0.0
enzyme,b2954,0.0
enzyme,b1002,0.0
enzyme,b2938,0.0
enzyme,b4090,0.0
enzyme,b4084,0.0
enzyme,b4085,0.0
enzyme,b3748,0.0
enzyme,b3751,0.0
enzyme,b3750,0.0
enzyme,b4230,0.0
enzyme,b4227,0.0
enzyme,b4231,0.0
enzyme,b3749,0.0
enzyme,b4485,0.0
enzyme,b0260,0.0
enzyme,b0810,0.0
enzyme,b0809,0.0
enzyme,b0811,0.0
enzyme,b1492,0.0
enzyme,b3653,2.3201465351738458e-08
enzyme,b3927,3.3210656705086773e-07
enzyme,b3959,1.243684990119548e-06
enzyme,b2170,0.0
enzyme,b0070,0.0
enzyme,b1528,0.0
enzyme,b2303,0.0
enzyme,b3028,0.0
enzyme,b3432,0.0
enzyme,b3503,0.0
enzyme,b4321,0.0
enzyme,b3792,0.0
enzyme,b2033,0.0
enzyme,b2034,0.0
enzyme,b2037,0.0
enzyme,b2175,0.0
enzyme,b0356,0.0
enzyme,b2240,0.0
enzyme,b0875,0.0
enzyme,b0353,0.0
enzyme,b2309,0.0
enzyme,b0325,0.0
enzyme,b2092,0.0
enzyme,b2093,0.0
enzyme,b2094,0.0
enzyme,b3093,0.0
enzyme,b3415,0.0
enzyme,b4476,0.0
enzyme,b1621,0.0
enzyme,b2021,1.182801324783118e-06
enzyme,b0166,2.6404402430037377e-06
enzyme,b1519,0.0
enzyme,b3437,0.0
enzyme,b4268,0.0
enzyme,b3805,3.826352749025275e-09
enzyme,b3904,0.0
enzyme,b2482,0.0
enzyme,b2484,0.0
enzyme,b2488,0.0
enzyme,b2723,0.0
enzyme,b2485,0.0
enzyme,b2483,0.0
enzyme,b2724,0.0
enzyme,b2721,0.0
enzyme,b2490,0.0
enzyme,b2719,0.0
enzyme,b4079,0.0
enzyme,b2481,0.0
enzyme,b2486,0.0
enzyme,b2722,0.0
enzyme,b2720,0.0
enzyme,b2487,0.0
enzyme,b2489,0.0
enzyme,b2747,3.4351078883599743e-09
enzyme,b3213,0.0
enzyme,b1761,0.0
enzyme,b3212,0.0
enzyme,b0186,0.0
enzyme,b4131,0.0
enzyme,b1189,0.0
enzyme,b2888,0.0
enzyme,b2882,0.0
enzyme,b3453,0.0
enzyme,b3450,0.0
enzyme,b3451,0.0
enzyme,b3452,0.0
enzyme,b2536,0.0
enzyme,b0212,0.0
enzyme,b3779,0.0
enzyme,b2868,0.0
enzyme,b2867,0.0
enzyme,b2866,0.0
enzyme,b4311,0.0
enzyme,b1991,0.0
enzyme,b3502,0.0
enzyme,b1444,0.0
enzyme,b2927,0.0
enzyme,b2023,2.6037632295504794e-06
enzyme,b2025,2.6742463620938305e-06
enzyme,b3640,0.0
enzyme,b0425,0.0
enzyme,b3772,7.71137841381641e-07
enzyme,b0931,0.0
enzyme,b1764,0.0
enzyme,b2150,0.0
enzyme,b2149,0.0
enzyme,b2148,0.0
enzyme,b1640,0.0
enzyme,b0048,8.456276729714146e-08
enzyme,b1606,1.8114111522779986e-07
enzyme,b3390,3.683317896695557e-08
enzyme,b0388,1.1822071592256096e-07
enzyme,b1745,0.0
enzyme,b0114,4.115738407071127e-05
enzyme,b0115,2.3258073764836392e-05
enzyme,b3128,0.0
enzyme,b2255,0.0
enzyme,b0774,0.0
enzyme,b1605,0.0
enzyme,b2818,1.1312390138969662e-06
enzyme,b1489,0.0
enzyme,b3032,0.0
enzyme,b0334,0.0
enzyme,b0092,9.580784705776421e-08
enzyme,b0381,1.270238642497958e-07
enzyme,b1738,0.0
enzyme,b2715,0.0
enzyme,b1736,0.0
enzyme,b1737,0.0
enzyme,b2224,2.470498969902477e-07
enzyme,b1216,0.0
enzyme,b0842,0.0
enzyme,b3350,0.0
enzyme,b0047,0.0
enzyme,b0728,7.450442416870364e-07
enzyme,b0729,6.179604393295992e-07
enzyme,b0650,0.0
enzyme,b0757,0.0
enzyme,b0133,1.529316544980348e-08
enzyme,b2165,0.0
enzyme,b3389,1.6972539018757546e-06
enzyme,b2366,0.0
enzyme,b1723,0.0
enzyme,b0755,0.0
enzyme,b3612,0.0
enzyme,b3919,0.0
enzyme,b2914,0.0
enzyme,b2320,0.0
enzyme,b1107,0.0
enzyme,b1539,0.0
enzyme,b3823,0.0
enzyme,b0813,0.0
enzyme,b2919,0.0
enzyme,b3870,3.098801049577101e-06
enzyme,b2947,0.0
enzyme,b2253,0.0
enzyme,b2254,0.0
enzyme,b2256,0.0
enzyme,b2258,0.0
enzyme,b4544,0.0
enzyme,b3621,0.0
enzyme,b1781,0.0
enzyme,b3001,0.0
enzyme,b3620,0.0
enzyme,b3624,0.0
enzyme,b3629,0.0
enzyme,b3628,0.0
enzyme,b3627,0.0
enzyme,b3850,8.371621438125604e-10
enzyme,b3630,0.0
enzyme,b3632,0.0
enzyme,b3625,0.0
enzyme,b2810,0.0
enzyme,b1680,0.0
enzyme,b3867,0.0
enzyme,b3824,0.0
enzyme,b2133,0.0
enzyme,b2260,0.0
enzyme,b1919,0.0
enzyme,b2578,0.0
enzyme,b1533,0.0
enzyme,b4394,0.0
enzyme,b2499,2.5501904922218222e-06
enzyme,b3825,0.0
enzyme,b2835,0.0
enzyme,b3029,9.097979769114047e-08
enzyme,b2889,0.0
enzyme,b3821,0.0
enzyme,b2146,0.0
enzyme,b2147,0.0
enzyme,b4478,0.0
enzyme,b1380,0.0
enzyme,b2965,0.0
enzyme,b0693,0.0
enzyme,b0954,0.0
enzyme,b1288,0.0
enzyme,b0175,8.585954359237825e-08
enzyme,b3918,0.0
enzyme,b1912,0.0
enzyme,b2585,7.973663744470294e-07
enzyme,b1093,9.452491077429544e-07
enzyme,b1661,0.0
enzyme,b1006,0.0
enzyme,b2497,0.0
enzyme,b1488,0.0
enzyme,b3541,0.0
enzyme,b3543,0.0
enzyme,b3540,0.0
enzyme,b1487,0.0
enzyme,b3544,0.0
enzyme,b1486,0.0
enzyme,b1483,0.0
enzyme,b1484,0.0
enzyme,b1485,0.0
enzyme,b3542,0.0
enzyme,b0832,0.0
enzyme,b0831,0.0
enzyme,b0829,0.0
enzyme,b0830,0.0
enzyme,b0789,0.0
enzyme,b1249,0.0
enzyme,b0657,0.0
enzyme,b1677,0.0
enzyme,b0418,0.0
enzyme,b0508,0.0
enzyme,b0613,0.0
enzyme,b1301,0.0
enzyme,b0805,0.0
enzyme,b2155,0.0
enzyme,b0576,0.0
enzyme,b0594,0.0
enzyme,b0376,0.0
enzyme,b0632,0.0
enzyme,b0839,0.0
enzyme,b2010,0.0
enzyme,b2430,0.0
enzyme,b3182,0.0
enzyme,b3833,0.0
enzyme,b0514,0.0
enzyme,b0089,1.7250650969124918e-07
enzyme,b3396,4.84494237838413e-08
enzyme,b2519,8.16364835775223e-08
enzyme,b1069,2.132823670805207e-07
enzyme,b3208,4.160663804732719e-08
enzyme,b0149,5.831188217276049e-08
enzyme,b0635,4.12354083975458e-08
enzyme,b0084,2.4056985743490343e-08
enzyme,b0925,0.0
enzyme,b1678,0.0
enzyme,b0355,0.0
enzyme,b2154,0.0
enzyme,b2893,0.0
enzyme,b0604,0.0
enzyme,b3930,0.0
enzyme,b3994,2.895779968842449e-09
enzyme,b1710,0.0
enzyme,b2480,0.0
enzyme,b0429,0.0
enzyme,b0432,0.0
enzyme,b0431,0.0
enzyme,b0430,0.0
enzyme,b4041,0.0
enzyme,b0180,0.0
enzyme,b2413,1.3803088709306757e-06
enzyme,b3018,0.0
enzyme,b4042,0.0
enzyme,b4160,2.345229359395949e-07
enzyme,b0723,0.0
enzyme,b0722,0.0
enzyme,b0724,0.0
enzyme,b0721,0.0
enzyme,b0494,0.0
enzyme,b1276,4.535654610381913e-06
enzyme,b0118,7.931030395044145e-06
enzyme,b3447,0.0
enzyme,b1990,0.0
enzyme,b1113,0.0
enzyme,b0819,0.0
enzyme,b2813,0.0
enzyme,b0211,0.0
enzyme,b1097,0.0
enzyme,b1193,0.0
enzyme,b2701,0.0
enzyme,b4392,0.0
enzyme,b2963,0.0
enzyme,b2558,0.0
enzyme,b3546,0.0
enzyme,b1655,0.0
enzyme,b2328,0.0
enzyme,b2134,0.0
enzyme,b1856,0.0
enzyme,b1185,0.0
enzyme,b3860,0.0
enzyme,b4136,0.0
enzyme,b0606,0.0
enzyme,b0605,0.0
enzyme,b0221,0.0
enzyme,b2285,0.0
enzyme,b2286,0.0
enzyme,b2288,0.0
enzyme,b2283,0.0
enzyme,b2279,0.0
enzyme,b2278,0.0
enzyme,b2276,0.0
enzyme,b2284,0.0
enzyme,b2282,0.0
enzyme,b2281,0.0
enzyme,b2277,0.0
enzyme,b2287,0.0
enzyme,b2280,0.0
enzyme,b1801,0.0
enzyme,b4208,4.821357515773525e-08
enzyme,b0007,0.0
enzyme,b0874,0.0
enzyme,b2923,0.0
enzyme,b0037,0.0
enzyme,b1734,0.0
enzyme,b2467,0.0
enzyme,b0404,0.0
enzyme,b0314,0.0
enzyme,b4474,0.0
enzyme,b3370,0.0
enzyme,b3816,2.344587983140912e-10
enzyme,b3040,2.093467180826613e-08
enzyme,b2373,0.0
enzyme,b4233,0.0
enzyme,b3196,0.0
enzyme,b3691,0.0
enzyme,b2843,0.0
enzyme,b2156,0.0
enzyme,b4130,0.0
enzyme,b4356,0.0
enzyme,b4358,0.0
enzyme,b3431,0.0
enzyme,b0155,2.288237789667964e-08
enzyme,b0684,1.6540006193250802e-06
enzyme,b1378,0.0
enzyme,b2895,1.6185865231642096e-06
enzyme,b0777,0.0
enzyme,b0641,4.4865848336278013e-08
enzyme,b3201,1.147171207465135e-07
enzyme,b3200,4.4865848336278013e-08
enzyme,b4261,1.1347386471104603e-07
enzyme,b4262,1.6216768475277985e-07
enzyme,b3199,4.4865848336278013e-08
enzyme,b0054,4.4865848336278013e-08
enzyme,b1025,0.0
enzyme,b1490,0.0
enzyme,b1535,0.0
enzyme,b1794,0.0
enzyme,b1341,0.0
enzyme,b2503,0.0
enzyme,b0315,0.0
enzyme,b1285,0.0
enzyme,b3525,0.0
enzyme,b0009,0.0
enzyme,b0784,0.0
enzyme,b2530,1.102250788924142e-08
enzyme,b2470,0.0
enzyme,b0463,0.0
enzyme,b0462,0.0
enzyme,b1394,0.0
enzyme,b1090,1.1350968857575318e-06
enzyme,b3059,6.962405511800513e-06
enzyme,b2529,4.077055164947621e-09
enzyme,b1683,0.0
enzyme,b1684,0.0
enzyme,b1682,0.0
enzyme,b1681,0.0
enzyme,b0827,0.0
enzyme,b3856,0.0
enzyme,b3857,0.0
enzyme,b3058,2.1775583910697374e-09
enzyme,b1634,0.0
enzyme,b3496,0.0
enzyme,b0709,0.0
enzyme,b2528,1.1453899049239753e-09
enzyme,b1679,0.0
enzyme,b0775,0.0
enzyme,b1009,0.0
enzyme,b0444,0.0
enzyme,b2794,0.0
enzyme,b1008,0.0
enzyme,b2765,0.0
enzyme,b2263,0.0
enzyme,b1011,0.0
enzyme,b1010,0.0
enzyme,b0968,0.0
enzyme,b2264,0.0
enzyme,b2262,0.0
enzyme,b1686,0.0
enzyme,b3991,3.898944994461074e-09
enzyme,b3992,3.056934288669824e-10
enzyme,b0423,3.056934288669824e-10
enzyme,b3990,3.056934288669824e-10
enzyme,b4407,3.056934288669824e-10
enzyme,b2877,0.0
enzyme,b2374,0.0
enzyme,b1392,0.0
enzyme,b1391,0.0
enzyme,b1390,0.0
enzyme,b1388,0.0
enzyme,b1389,0.0
enzyme,b1397,0.0
enzyme,b1395,0.0
enzyme,b1007,0.0
enzyme,b1012,0.0
enzyme,b0785,0.0
enzyme,b3893,0.0
enzyme,b1474,0.0
enzyme,b3894,0.0
enzyme,b1475,0.0
enzyme,b3892,0.0
enzyme,b1476,0.0
enzyme,b0776,0.0
enzyme,b3412,0.0
enzyme,b2515,8.66635067144241e-08
enzyme,b4238,3.4983910036317586e-06
enzyme,b4237,1.5289108929248653e-06
enzyme,b3924,5.035056772052464e-07
enzyme,b4209,6.435783658853076e-09
enzyme,b1387,0.0
enzyme,b1393,0.0
enzyme,b2912,0.0
enzyme,b2174,0.0
enzyme,b0826,0.0
enzyme,b0781,0.0
enzyme,b0783,0.0
enzyme,b0630,0.0
enzyme,b0628,0.0
enzyme,b4386,0.0
enzyme,b1385,0.0
enzyme,b2917,0.0
enzyme,b3572,0.0
enzyme,b4129,0.0
enzyme,b3722,0.0
enzyme,b0681,0.0
enzyme,b1473,0.0
enzyme,b3882,0.0
enzyme,b1600,0.0
enzyme,b1599,0.0
enzyme,b2660,0.0
enzyme,b4167,0.0
enzyme,b2670,0.0
enzyme,b3070,0.0
enzyme,b0269,0.0
enzyme,b4297,0.0
enzyme,b4298,0.0
enzyme,b0268,0.0
enzyme,b3715,0.0
enzyme,b0516,0.0
enzyme,b0515,0.0
enzyme,b1617,0.0
enzyme,b1695,6.411255465295202e-06
enzyme,b1771,0.0
enzyme,b2907,0.0
enzyme,b0543,0.0
enzyme,b1601,0.0
enzyme,b0624,0.0
enzyme,b3880,0.0
enzyme,b3881,0.0
enzyme,b3877,0.0
enzyme,b3876,0.0
enzyme,b1511,0.0
enzyme,b2371,0.0
enzyme,b2989,0.0
enzyme,b2302,0.0
enzyme,b1619,0.0
enzyme,b4337,0.0
enzyme,b1338,0.0
enzyme,b1337,0.0
enzyme,b1336,0.0
enzyme,b2873,0.0
enzyme,b1430,0.0
enzyme,b1396,0.0
enzyme,b3943,0.0
enzyme,b0578,0.0
enzyme,b3253,0.0
enzyme,b1022,0.0
enzyme,b1021,0.0
enzyme,b1733,0.0
enzyme,b4266,0.0
enzyme,b3493,5.6385567754184784e-06
enzyme,b2987,6.881213680834144e-06
enzyme,b0401,0.0
enzyme,b4141,0.0
enzyme,b1798,0.0
enzyme,b3662,0.0
enzyme,b1592,0.0
enzyme,b2842,0.0
enzyme,b4020,0.0
enzyme,b1985,0.0
enzyme,b1516,0.0
enzyme,b1513,0.0
enzyme,b1514,0.0
enzyme,b1515,0.0
enzyme,b1518,0.0
enzyme,b3240,0.0
enzyme,b3241,0.0
enzyme,b1449,0.0
enzyme,b2245,0.0
enzyme,b1448,0.0
enzyme,b3656,0.0
enzyme,b3883,0.0
enzyme,b3966,0.0
enzyme,b4098,0.0
enzyme,b3488,0.0
enzyme,b1813,0.0
enzyme,b2166,0.0
enzyme,b1103,0.0
enzyme,b4100,0.0
enzyme,b4101,0.0
enzyme,b4096,0.0
enzyme,b4099,0.0
enzyme,b4095,0.0
enzyme,b4092,0.0
enzyme,b2047,0.0
enzyme,b4106,0.0
enzyme,b4104,0.0
enzyme,b4105,0.0
enzyme,b0662,0.0
enzyme,b2906,3.3902283752429877e-09
enzyme,b1400,0.0
enzyme,b2683,0.0
enzyme,b2682,0.0
enzyme,b1821,0.0
enzyme,b2164,0.0
enzyme,b1616,0.0
enzyme,b1517,0.0
enzyme,b0577,0.0
enzyme,b0465,0.0
enzyme,b3291,0.0
enzyme,b4159,0.0
enzyme,b2924,0.0
enzyme,b1330,0.0
enzyme,b0808,0.0
enzyme,b2247,0.0
enzyme,b0597,0.0
enzyme,b1870,0.0
enzyme,b3116,0.0
enzyme,b2796,0.0
enzyme,b4093,0.0
enzyme,b3878,0.0
enzyme,b1206,0.0
